Objekt blokace;Adresa internetové stránky;Název aplikace;Identifikátor aplikace;Jedineèný identifikátor platebního úètu;Dùvody zápisu na Seznam;Datum zápisu a zveøejnìní na Seznamu ;Datum výmazu a zveøejnìní na Seznamu
Internetová stránka;1xbet.com;;;;§ 84a odst. 2 písm. a) ZHH;26.07.2017;04.01.2023
Platební úèet;;;;5990242/0800;§ 84b odst. 2 ZHH;26.07.2017;28.04.2021
Internetová stránka;thelotter.com;;;;§ 84a odst. 2 písm. a) ZHH;15.08.2017;
Internetová stránka;webmoneycasino.com;;;;§ 84a odst. 2 písm. a) ZHH;27.09.2017;
Internetová stránka;betworld.com;;;;§ 84a odst. 2 písm. a) ZHH;15.11.2017;
Platební úèet;;;;MT80STBA19116000000001031000591;§ 84b odst. 2 ZHH;15.11.2017;
Internetová stránka;bosscasino.eu;;;;§ 84a odst. 2 písm. a) ZHH;27.11.2017;
Platební úèet;;;;DE38512308000000056972;§ 84b odst. 2 ZHH;27.11.2017;
Internetová stránka;sportingbull.com;;;;§ 84a odst. 2 písm. a) ZHH;16.01.2018;
Platební úèet;;;;CZ42 0800 0000 0000 0251 7492;§ 84b odst. 2 ZHH;16.01.2018;28.04.2021
Internetová stránka;eatsleepbet.com;;;;§ 84a odst. 2 písm. a) ZHH;16.01.2018;
Internetová stránka;1xbet1.com;;;;§ 84a odst. 2 písm. a) ZHH;15.02.2018;
Platební úèet;;;;0000002300703831/2010;§ 84b odst. 2 ZHH;15.02.2018;
Internetová stránka;1xbet2.com;;;;§ 84a odst. 2 písm. a) ZHH;15.02.2018;
Internetová stránka;1xbet3.com;;;;§ 84a odst. 2 písm. a) ZHH;15.02.2018;
Internetová stránka;1xbet4.com;;;;§ 84a odst. 2 písm. a) ZHH;15.02.2018;
Internetová stránka;1xbet5.com;;;;§ 84a odst. 2 písm. a) ZHH;15.02.2018;
Internetová stránka;1xbet6.com;;;;§ 84a odst. 2 písm. a) ZHH;15.02.2018;
Internetová stránka;1xbet7.com;;;;§ 84a odst. 2 písm. a) ZHH;15.02.2018;
Internetová stránka;1xbet9.com;;;;§ 84a odst. 2 písm. a) ZHH;15.02.2018;
Internetová stránka;1xbet10.com;;;;§ 84a odst. 2 písm. a) ZHH;15.02.2018;
Internetová stránka;1xbet11.com;;;;§ 84a odst. 2 písm. a) ZHH;15.02.2018;
Internetová stránka;1xbet12.com;;;;§ 84a odst. 2 písm. a) ZHH;15.02.2018;
Internetová stránka;1xbet13.com;;;;§ 84a odst. 2 písm. a) ZHH;15.02.2018;
Internetová stránka;1xbet14.com;;;;§ 84a odst. 2 písm. a) ZHH;15.02.2018;
Internetová stránka;1xbet15.com;;;;§ 84a odst. 2 písm. a) ZHH;15.02.2018;
Internetová stránka;1xbet16.com;;;;§ 84a odst. 2 písm. a) ZHH;15.02.2018;
Internetová stránka;1xbet17.com;;;;§ 84a odst. 2 písm. a) ZHH;15.02.2018;
Internetová stránka;1xbet18.com;;;;§ 84a odst. 2 písm. a) ZHH;15.02.2018;
Internetová stránka;1xbet19.com;;;;§ 84a odst. 2 písm. a) ZHH;15.02.2018;
Internetová stránka;1xbet20.com;;;;§ 84a odst. 2 písm. a) ZHH;15.02.2018;
Internetová stránka;1xbet21.com;;;;§ 84a odst. 2 písm. a) ZHH;15.02.2018;
Internetová stránka;1xbet23.com;;;;§ 84a odst. 2 písm. a) ZHH;15.02.2018;
Internetová stránka;1xbet24.com;;;;§ 84a odst. 2 písm. a) ZHH;15.02.2018;
Internetová stránka;1xbet25.com;;;;§ 84a odst. 2 písm. a) ZHH;15.02.2018;
Internetová stránka;1xbet26.com;;;;§ 84a odst. 2 písm. a) ZHH;15.02.2018;
Internetová stránka;1xbet27.com;;;;§ 84a odst. 2 písm. a) ZHH;15.02.2018;
Internetová stránka;1xbet28.com;;;;§ 84a odst. 2 písm. a) ZHH;15.02.2018;
Internetová stránka;1xbet29.com;;;;§ 84a odst. 2 písm. a) ZHH;15.02.2018;
Internetová stránka;1xbet30.com;;;;§ 84a odst. 2 písm. a) ZHH;15.02.2018;
Internetová stránka;1xbet31.com;;;;§ 84a odst. 2 písm. a) ZHH;15.02.2018;
Internetová stránka;1xbet32.com;;;;§ 84a odst. 2 písm. a) ZHH;15.02.2018;
Internetová stránka;1xbet34.com;;;;§ 84a odst. 2 písm. a) ZHH;15.02.2018;
Internetová stránka;1xbet35.com;;;;§ 84a odst. 2 písm. a) ZHH;15.02.2018;
Internetová stránka;1xbet36.com;;;;§ 84a odst. 2 písm. a) ZHH;15.02.2018;
Internetová stránka;1xbet37.com;;;;§ 84a odst. 2 písm. a) ZHH;15.02.2018;
Internetová stránka;1xbet38.com;;;;§ 84a odst. 2 písm. a) ZHH;15.02.2018;
Internetová stránka;1xbet39.com;;;;§ 84a odst. 2 písm. a) ZHH;15.02.2018;
Internetová stránka;1xbet40.com;;;;§ 84a odst. 2 písm. a) ZHH;15.02.2018;
Internetová stránka;1xbet41.com;;;;§ 84a odst. 2 písm. a) ZHH;15.02.2018;
Internetová stránka;1xbet42.com;;;;§ 84a odst. 2 písm. a) ZHH;15.02.2018;
Internetová stránka;1xbet43.com;;;;§ 84a odst. 2 písm. a) ZHH;15.02.2018;
Internetová stránka;1xbet45.com;;;;§ 84a odst. 2 písm. a) ZHH;15.02.2018;
Internetová stránka;1xbet46.com;;;;§ 84a odst. 2 písm. a) ZHH;15.02.2018;
Internetová stránka;1xbet47.com;;;;§ 84a odst. 2 písm. a) ZHH;15.02.2018;
Internetová stránka;1xbet48.com;;;;§ 84a odst. 2 písm. a) ZHH;15.02.2018;
Internetová stránka;1xbet49.com;;;;§ 84a odst. 2 písm. a) ZHH;15.02.2018;
Internetová stránka;1xbet50.com;;;;§ 84a odst. 2 písm. a) ZHH;15.02.2018;
Internetová stránka;1xbet51.com;;;;§ 84a odst. 2 písm. a) ZHH;15.02.2018;
Internetová stránka;1xbet52.com;;;;§ 84a odst. 2 písm. a) ZHH;15.02.2018;
Internetová stránka;1xbet53.com;;;;§ 84a odst. 2 písm. a) ZHH;15.02.2018;
Internetová stránka;1xbet54.com;;;;§ 84a odst. 2 písm. a) ZHH;15.02.2018;
Internetová stránka;1xbet60.com;;;;§ 84a odst. 2 písm. a) ZHH;15.02.2018;
Internetová stránka;1xbet61.com;;;;§ 84a odst. 2 písm. a) ZHH;15.02.2018;
Internetová stránka;1xbet62.com;;;;§ 84a odst. 2 písm. a) ZHH;15.02.2018;
Internetová stránka;1xbet63.com;;;;§ 84a odst. 2 písm. a) ZHH;15.02.2018;
Internetová stránka;1xbet64.com;;;;§ 84a odst. 2 písm. a) ZHH;15.02.2018;
Internetová stránka;1xbet65.com;;;;§ 84a odst. 2 písm. a) ZHH;15.02.2018;
Internetová stránka;1xbet67.com;;;;§ 84a odst. 2 písm. a) ZHH;15.02.2018;
Internetová stránka;1xbet68.com;;;;§ 84a odst. 2 písm. a) ZHH;15.02.2018;
Internetová stránka;1xbet69.com;;;;§ 84a odst. 2 písm. a) ZHH;15.02.2018;
Internetová stránka;1xbet70.com;;;;§ 84a odst. 2 písm. a) ZHH;15.02.2018;
Internetová stránka;1xbet71.com;;;;§ 84a odst. 2 písm. a) ZHH;15.02.2018;
Internetová stránka;1xbet72.com;;;;§ 84a odst. 2 písm. a) ZHH;15.02.2018;
Internetová stránka;1xbet73.com;;;;§ 84a odst. 2 písm. a) ZHH;15.02.2018;
Internetová stránka;1xbet74.com;;;;§ 84a odst. 2 písm. a) ZHH;15.02.2018;
Internetová stránka;1xbet75.com;;;;§ 84a odst. 2 písm. a) ZHH;15.02.2018;
Internetová stránka;1xbet76.com;;;;§ 84a odst. 2 písm. a) ZHH;15.02.2018;
Internetová stránka;1xbet78.com;;;;§ 84a odst. 2 písm. a) ZHH;15.02.2018;
Internetová stránka;1xbet79.com;;;;§ 84a odst. 2 písm. a) ZHH;15.02.2018;
Internetová stránka;1xbet80.com;;;;§ 84a odst. 2 písm. a) ZHH;15.02.2018;
Internetová stránka;1xbet82.com;;;;§ 84a odst. 2 písm. a) ZHH;15.02.2018;
Internetová stránka;1xbet84.com;;;;§ 84a odst. 2 písm. a) ZHH;15.02.2018;
Internetová stránka;1xbet86.com;;;;§ 84a odst. 2 písm. a) ZHH;15.02.2018;
Internetová stránka;1xbet87.com;;;;§ 84a odst. 2 písm. a) ZHH;15.02.2018;
Internetová stránka;1xbet90.com;;;;§ 84a odst. 2 písm. a) ZHH;15.02.2018;
Internetová stránka;1xbet91.com;;;;§ 84a odst. 2 písm. a) ZHH;15.02.2018;
Internetová stránka;1xbet92.com;;;;§ 84a odst. 2 písm. a) ZHH;15.02.2018;
Internetová stránka;1xbet94.com;;;;§ 84a odst. 2 písm. a) ZHH;15.02.2018;
Internetová stránka;1xbet95.com;;;;§ 84a odst. 2 písm. a) ZHH;15.02.2018;
Internetová stránka;1xbet101.com;;;;§ 84a odst. 2 písm. a) ZHH;15.02.2018;
Internetová stránka;1xbet102.com;;;;§ 84a odst. 2 písm. a) ZHH;15.02.2018;
Internetová stránka;1xbet103.com;;;;§ 84a odst. 2 písm. a) ZHH;15.02.2018;
Internetová stránka;1xbet104.com;;;;§ 84a odst. 2 písm. a) ZHH;15.02.2018;
Internetová stránka;1xbet105.com;;;;§ 84a odst. 2 písm. a) ZHH;15.02.2018;
Internetová stránka;1xbet106.com;;;;§ 84a odst. 2 písm. a) ZHH;15.02.2018;
Internetová stránka;1xbet107.com;;;;§ 84a odst. 2 písm. a) ZHH;15.02.2018;
Internetová stránka;1xbet108.com;;;;§ 84a odst. 2 písm. a) ZHH;15.02.2018;
Internetová stránka;1xbet109.com;;;;§ 84a odst. 2 písm. a) ZHH;15.02.2018;
Internetová stránka;1xbet110.com;;;;§ 84a odst. 2 písm. a) ZHH;15.02.2018;
Internetová stránka;1-x-bet.com;;;;§ 84a odst. 2 písm. a) ZHH;15.02.2018;
Internetová stránka;1x-bet.com;;;;§ 84a odst. 2 písm. a) ZHH;15.02.2018;
Internetová stránka;1xbetbk6.com;;;;§ 84a odst. 2 písm. a) ZHH;15.02.2018;
Internetová stránka;1XIIV.XYZ;;;;§ 84a odst. 2 písm. a) ZHH;15.02.2018;04.01.2023
Internetová stránka;1XHOV.XYZ;;;;§ 84a odst. 2 písm. a) ZHH;15.02.2018;
Internetová stránka;bk-1x-bet.com;;;;§ 84a odst. 2 písm. a) ZHH;15.02.2018;
Internetová stránka;1xbkbet-1.com;;;;§ 84a odst. 2 písm. a) ZHH;15.02.2018;
Internetová stránka;1xbet8.com;;;;§ 84a odst. 2 písm. a) ZHH;09.08.2018;
Internetová stránka;1x-02.com;;;;§ 84a odst. 2 písm. a) ZHH;09.08.2018;
Internetová stránka;xbet-1.com;;;;§ 84a odst. 2 písm. a) ZHH;09.08.2018;
Internetová stránka;1xbetbk13.com;;;;§ 84a odst. 2 písm. a) ZHH;09.08.2018;
Internetová stránka;betworld1.com;;;;§ 84a odst. 2 písm. a) ZHH;04.09.2018;
Internetová stránka;betworld2.com;;;;§ 84a odst. 2 písm. a) ZHH;04.09.2018;
Internetová stránka;betworld3.com;;;;§ 84a odst. 2 písm. a) ZHH;04.09.2018;
Internetová stránka;betworld4.com;;;;§ 84a odst. 2 písm. a) ZHH;04.09.2018;
Internetová stránka;betworld5.com;;;;§ 84a odst. 2 písm. a) ZHH;04.09.2018;
Internetová stránka;betworld6.com;;;;§ 84a odst. 2 písm. a) ZHH;04.09.2018;
Internetová stránka;betworld7.com;;;;§ 84a odst. 2 písm. a) ZHH;04.09.2018;
Internetová stránka;betworld8.com;;;;§ 84a odst. 2 písm. a) ZHH;04.09.2018;
Internetová stránka;betworld9.com;;;;§ 84a odst. 2 písm. a) ZHH;04.09.2018;
Internetová stránka;betworld10.com;;;;§ 84a odst. 2 písm. a) ZHH;04.09.2018;
Internetová stránka;cz.sportingbull174.com;;;;§ 84a odst. 2 písm. a) ZHH;09.11.2018;
Internetová stránka;lottoevents.com;;;;§ 84a odst. 2 písm. a) ZHH;15.01.2019;
Internetová stránka;agentlotto.com;;;;§ 84a odst. 2 písm. a) ZHH;15.01.2019;
Internetová stránka;agentlotto3.ru;;;;§ 84a odst. 2 písm. a) ZHH;15.01.2019;
Internetová stránka;bet2u.com;;;;§ 84a odst. 2 písm. a) ZHH;31.07.2019;
Internetová stránka;gunsbet.com;;;;§ 84a odst. 2 písm. a) ZHH;16.10.2020;
Internetová stránka;playamo.com;;;;§ 84a odst. 2 písm. a) ZHH;16.10.2020;
Internetová stránka;lokicasino.com;;;;§ 84a odst. 2 písm. a) ZHH;16.10.2020;
Internetová stránka;slottica.com;;;;§ 84a odst. 2 písm. a) ZHH;16.12.2020;
Internetová stránka;slottica26.com;;;;§ 84a odst. 2 písm. a) ZHH;16.12.2020;
Internetová stránka;ph.casino;;;;§ 84a odst. 2 písm. a) ZHH;23.12.2020;
Internetová stránka;betcruise.com;;;;§ 84a odst. 2 písm. a) ZHH;25.01.2021;04.01.2023
Internetová stránka;spinamba.com;;;;§ 84a odst. 2 písm. a) ZHH;25.01.2021;
Internetová stránka;casinoaction.com;;;;§ 84a odst. 2 písm. a) ZHH;25.01.2021;
Internetová stránka;wildtornado.com;;;;§ 84a odst. 2 písm. a) ZHH;25.01.2021;
Internetová stránka;wildtornado1.com;;;;§ 84a odst. 2 písm. a) ZHH;25.01.2021;
Internetová stránka;casinonic.com;;;;§ 84a odst. 2 písm. a) ZHH;04.02.2021;
Internetová stránka;webbyslot.com;;;;§ 84a odst. 2 písm. a) ZHH;04.02.2021;
Internetová stránka;webbyslot1.com;;;;§ 84a odst. 2 písm. a) ZHH;04.02.2021;
Internetová stránka;webbyslot2.com;;;;§ 84a odst. 2 písm. a) ZHH;04.02.2021;
Internetová stránka;webbyslot3.com;;;;§ 84a odst. 2 písm. a) ZHH;04.02.2021;
Internetová stránka;webbyslot4.com;;;;§ 84a odst. 2 písm. a) ZHH;04.02.2021;
Internetová stránka;webbyslot5.com;;;;§ 84a odst. 2 písm. a) ZHH;04.02.2021;
Internetová stránka;webbyslot6.com;;;;§ 84a odst. 2 písm. a) ZHH;04.02.2021;
Internetová stránka;webbyslot7.com;;;;§ 84a odst. 2 písm. a) ZHH;04.02.2021;
Internetová stránka;webbyslot8.com;;;;§ 84a odst. 2 písm. a) ZHH;04.02.2021;
Internetová stránka;webbyslot9.com;;;;§ 84a odst. 2 písm. a) ZHH;04.02.2021;
Internetová stránka;webbyslot10.com;;;;§ 84a odst. 2 písm. a) ZHH;04.02.2021;
Internetová stránka;webbyslot11.com;;;;§ 84a odst. 2 písm. a) ZHH;04.02.2021;
Internetová stránka;webbyslot12.com;;;;§ 84a odst. 2 písm. a) ZHH;04.02.2021;
Internetová stránka;webbyslot13.com;;;;§ 84a odst. 2 písm. a) ZHH;04.02.2021;
Internetová stránka;webbyslot14.com;;;;§ 84a odst. 2 písm. a) ZHH;04.02.2021;
Internetová stránka;webbyslot15.com;;;;§ 84a odst. 2 písm. a) ZHH;04.02.2021;
Internetová stránka;webbyslot16.com;;;;§ 84a odst. 2 písm. a) ZHH;04.02.2021;
Internetová stránka;webbyslot17.com;;;;§ 84a odst. 2 písm. a) ZHH;04.02.2021;
Internetová stránka;webbyslot18.com;;;;§ 84a odst. 2 písm. a) ZHH;04.02.2021;
Internetová stránka;webbyslot19.com;;;;§ 84a odst. 2 písm. a) ZHH;04.02.2021;
Internetová stránka;webbyslot20.com;;;;§ 84a odst. 2 písm. a) ZHH;04.02.2021;
Internetová stránka;goldenstar-casino.com;;;;§ 84a odst. 2 písm. a) ZHH;04.02.2021;
Internetová stránka;goldenstar-casino21.com;;;;§ 84a odst. 2 písm. a) ZHH;04.02.2021;
Internetová stránka;goldenstar-casino22.com;;;;§ 84a odst. 2 písm. a) ZHH;04.02.2021;
Internetová stránka;goldenstar-casino23.com;;;;§ 84a odst. 2 písm. a) ZHH;04.02.2021;
Internetová stránka;goldenstar-casino24.com;;;;§ 84a odst. 2 písm. a) ZHH;04.02.2021;
Internetová stránka;goldenstar-casino25.com;;;;§ 84a odst. 2 písm. a) ZHH;04.02.2021;
Internetová stránka;goldenstar-casino26.com;;;;§ 84a odst. 2 písm. a) ZHH;04.02.2021;
Internetová stránka;goldenstar-casino27.com;;;;§ 84a odst. 2 písm. a) ZHH;04.02.2021;
Internetová stránka;goldenstar-casino28.com;;;;§ 84a odst. 2 písm. a) ZHH;04.02.2021;
Internetová stránka;goldenstar-casino29.com;;;;§ 84a odst. 2 písm. a) ZHH;04.02.2021;
Internetová stránka;goldenstar-casino30.com;;;;§ 84a odst. 2 písm. a) ZHH;04.02.2021;
Internetová stránka;goldenstar-casino31.com;;;;§ 84a odst. 2 písm. a) ZHH;04.02.2021;
Internetová stránka;goldenstar-casino32.com;;;;§ 84a odst. 2 písm. a) ZHH;04.02.2021;
Internetová stránka;goldenstar-casino33.com;;;;§ 84a odst. 2 písm. a) ZHH;04.02.2021;
Internetová stránka;goldenstar-casino34.com;;;;§ 84a odst. 2 písm. a) ZHH;04.02.2021;
Internetová stránka;goldenstar-casino35.com;;;;§ 84a odst. 2 písm. a) ZHH;04.02.2021;
Internetová stránka;goldenstar-casino100.com;;;;§ 84a odst. 2 písm. a) ZHH;04.02.2021;
Internetová stránka;fastpay-casino.com;;;;§ 84a odst. 2 písm. a) ZHH;04.02.2021;
Internetová stránka;fastpay-casino4.com;;;;§ 84a odst. 2 písm. a) ZHH;04.02.2021;
Internetová stránka;fastpay-casino5.com;;;;§ 84a odst. 2 písm. a) ZHH;04.02.2021;
Internetová stránka;fastpay-casino6.com;;;;§ 84a odst. 2 písm. a) ZHH;04.02.2021;
Internetová stránka;fastpay-casino9.com;;;;§ 84a odst. 2 písm. a) ZHH;04.02.2021;
Internetová stránka;ilucki.com;;;;§ 84a odst. 2 písm. a) ZHH;04.02.2021;
Internetová stránka;bitstarz.com;;;;§ 84a odst. 2 písm. a) ZHH;04.02.2021;
Internetová stránka;bitstarz28.com;;;;§ 84a odst. 2 písm. a) ZHH;04.02.2021;
Internetová stránka;zenbetting.com;;;;§ 84a odst. 2 písm. a) ZHH;10.03.2021;
Internetová stránka;cobracasino.com;;;;§ 84a odst. 2 písm. a) ZHH;22.03.2021;
Internetová stránka;boomerang-casino.com;;;;§ 84a odst. 2 písm. a) ZHH;26.03.2021;
Internetová stránka;boomerang-casino1.com;;;;§ 84a odst. 2 písm. a) ZHH;26.03.2021;
Internetová stránka;powercasino.bet;;;;§ 84a odst. 2 písm. a) ZHH;26.03.2021;22.10.2021
Internetová stránka;favbet.com;;;;§ 84a odst. 2 písm. a) ZHH;28.04.2021;
Internetová stránka;favbet2.com;;;;§ 84a odst. 2 písm. a) ZHH;28.04.2021;
Internetová stránka;favbet4.com;;;;§ 84a odst. 2 písm. a) ZHH;28.04.2021;
Internetová stránka;favbet5.com;;;;§ 84a odst. 2 písm. a) ZHH;28.04.2021;
Internetová stránka;favbet9.com;;;;§ 84a odst. 2 písm. a) ZHH;28.04.2021;
Internetová stránka;favbet10.com;;;;§ 84a odst. 2 písm. a) ZHH;28.04.2021;
Internetová stránka;favbet11.com;;;;§ 84a odst. 2 písm. a) ZHH;28.04.2021;
Internetová stránka;favbet15.com;;;;§ 84a odst. 2 písm. a) ZHH;28.04.2021;
Internetová stránka;favbet20.com;;;;§ 84a odst. 2 písm. a) ZHH;28.04.2021;
Internetová stránka;favbet22.com;;;;§ 84a odst. 2 písm. a) ZHH;28.04.2021;
Internetová stránka;favbet30.com;;;;§ 84a odst. 2 písm. a) ZHH;28.04.2021;
Internetová stránka;favbet33.com;;;;§ 84a odst. 2 písm. a) ZHH;28.04.2021;
Internetová stránka;favbet35.com;;;;§ 84a odst. 2 písm. a) ZHH;28.04.2021;
Internetová stránka;favbet44.com;;;;§ 84a odst. 2 písm. a) ZHH;28.04.2021;
Internetová stránka;favbet55.com;;;;§ 84a odst. 2 písm. a) ZHH;28.04.2021;
Internetová stránka;favbet66.com;;;;§ 84a odst. 2 písm. a) ZHH;28.04.2021;
Internetová stránka;favbet77.com;;;;§ 84a odst. 2 písm. a) ZHH;28.04.2021;
Internetová stránka;favbet88.com;;;;§ 84a odst. 2 písm. a) ZHH;28.04.2021;
Internetová stránka;favbet111.com;;;;§ 84a odst. 2 písm. a) ZHH;28.04.2021;
Internetová stránka;favbe777.com;;;;§ 84a odst. 2 písm. a) ZHH;28.04.2021;10.06.2021
Internetová stránka;favbet999.com;;;;§ 84a odst. 2 písm. a) ZHH;28.04.2021;
Internetová stránka;favbet911.com;;;;§ 84a odst. 2 písm. a) ZHH;28.04.2021;
Internetová stránka;favbet444.com;;;;§ 84a odst. 2 písm. a) ZHH;28.04.2021;
Internetová stránka;favbet555.com;;;;§ 84a odst. 2 písm. a) ZHH;28.04.2021;
Internetová stránka;favbet.org;;;;§ 84a odst. 2 písm. a) ZHH;28.04.2021;
Internetová stránka;favbet.info;;;;§ 84a odst. 2 písm. a) ZHH;28.04.2021;
Internetová stránka;gotofav.bet;;;;§ 84a odst. 2 písm. a) ZHH;28.04.2021;
Internetová stránka;go1fav.bet;;;;§ 84a odst. 2 písm. a) ZHH;28.04.2021;
Internetová stránka;go2fav.bet;;;;§ 84a odst. 2 písm. a) ZHH;28.04.2021;
Internetová stránka;go3fav.bet;;;;§ 84a odst. 2 písm. a) ZHH;28.04.2021;
Internetová stránka;go4fav.bet;;;;§ 84a odst. 2 písm. a) ZHH;28.04.2021;
Internetová stránka;go5fav.bet;;;;§ 84a odst. 2 písm. a) ZHH;28.04.2021;
Internetová stránka;go6fav.bet;;;;§ 84a odst. 2 písm. a) ZHH;28.04.2021;
Internetová stránka;betonfav.bet;;;;§ 84a odst. 2 písm. a) ZHH;28.04.2021;
Internetová stránka;playdingo.com;;;;§ 84a odst. 2 písm. a) ZHH;21.05.2021;
Internetová stránka;wazamba.com;;;;§ 84a odst. 2 písm. a) ZHH;21.05.2021;
Internetová stránka;wazamba100.com;;;;§ 84a odst. 2 písm. a) ZHH;21.05.2021;
Internetová stránka;wazamba777.com;;;;§ 84a odst. 2 písm. a) ZHH;21.05.2021;
Internetová stránka;wazamba755.com;;;;§ 84a odst. 2 písm. a) ZHH;21.05.2021;
Internetová stránka;wazamba855.com;;;;§ 84a odst. 2 písm. a) ZHH;21.05.2021;
Internetová stránka;cleopatracasino.com;;;;§ 84a odst. 2 písm. a) ZHH;21.05.2021;
Internetová stránka;winown.com;;;;§ 84a odst. 2 písm. a) ZHH;10.06.2021;
Internetová stránka;favbet777.com;;;;§ 84a odst. 2 písm. a) ZHH;10.06.2021;
Internetová stránka;slotum.com;;;;§ 84a odst. 2 písm. a) ZHH;10.06.2021;
Internetová stránka;winnerzon.com;;;;§ 84a odst. 2 písm. a) ZHH;10.06.2021;
Internetová stránka;zencasino.com;;;;§ 84a odst. 2 písm. a) ZHH;10.06.2021;
Internetová stránka;zencasino2.com;;;;§ 84a odst. 2 písm. a) ZHH;10.06.2021;
Internetová stránka;zencasino3.com;;;;§ 84a odst. 2 písm. a) ZHH;10.06.2021;
Internetová stránka;zencasino8.com;;;;§ 84a odst. 2 písm. a) ZHH;10.06.2021;
Internetová stránka;zencasino88.com;;;;§ 84a odst. 2 písm. a) ZHH;10.06.2021;
Internetová stránka;zencasino888.com;;;;§ 84a odst. 2 písm. a) ZHH;10.06.2021;
Internetová stránka;spassino.com;;;;§ 84a odst. 2 písm. a) ZHH;23.06.2021;
Internetová stránka;slottyvegas.com;;;;§ 84a odst. 2 písm. a) ZHH;23.06.2021;
Internetová stránka;nomini.com;;;;§ 84a odst. 2 písm. a) ZHH;29.06.2021;
Internetová stránka;nomini2.com;;;;§ 84a odst. 2 písm. a) ZHH;29.06.2021;
Internetová stránka;nomini3.com;;;;§ 84a odst. 2 písm. a) ZHH;29.06.2021;
Internetová stránka;nomini4.com;;;;§ 84a odst. 2 písm. a) ZHH;29.06.2021;
Internetová stránka;nomini5.com;;;;§ 84a odst. 2 písm. a) ZHH;29.06.2021;
Internetová stránka;nomini6.com;;;;§ 84a odst. 2 písm. a) ZHH;29.06.2021;
Internetová stránka;nomini7.com;;;;§ 84a odst. 2 písm. a) ZHH;29.06.2021;
Internetová stránka;nomini8.com;;;;§ 84a odst. 2 písm. a) ZHH;29.06.2021;
Internetová stránka;nomini9.com;;;;§ 84a odst. 2 písm. a) ZHH;29.06.2021;
Internetová stránka;22bet.com;;;;§ 84a odst. 2 písm. a) ZHH;29.06.2021;
Internetová stránka;22bet1.com;;;;§ 84a odst. 2 písm. a) ZHH;29.06.2021;
Internetová stránka;22bet3.com;;;;§ 84a odst. 2 písm. a) ZHH;29.06.2021;
Internetová stránka;22bet4.com;;;;§ 84a odst. 2 písm. a) ZHH;29.06.2021;
Internetová stránka;22bet6.com;;;;§ 84a odst. 2 písm. a) ZHH;29.06.2021;
Internetová stránka;22bet7.com;;;;§ 84a odst. 2 písm. a) ZHH;29.06.2021;
Internetová stránka;22bet10.com;;;;§ 84a odst. 2 písm. a) ZHH;29.06.2021;
Internetová stránka;22bet11.com;;;;§ 84a odst. 2 písm. a) ZHH;29.06.2021;
Internetová stránka;22bet12.com;;;;§ 84a odst. 2 písm. a) ZHH;29.06.2021;
Internetová stránka;22bet13.com;;;;§ 84a odst. 2 písm. a) ZHH;29.06.2021;
Internetová stránka;22bet14.com;;;;§ 84a odst. 2 písm. a) ZHH;29.06.2021;
Internetová stránka;22bet15.com;;;;§ 84a odst. 2 písm. a) ZHH;29.06.2021;
Internetová stránka;22bet16.com;;;;§ 84a odst. 2 písm. a) ZHH;29.06.2021;
Internetová stránka;22bet17.com;;;;§ 84a odst. 2 písm. a) ZHH;29.06.2021;
Internetová stránka;22bet18.com;;;;§ 84a odst. 2 písm. a) ZHH;29.06.2021;
Internetová stránka;22bet19.com;;;;§ 84a odst. 2 písm. a) ZHH;29.06.2021;
Internetová stránka;slottyway.com;;;;§ 84a odst. 2 písm. a) ZHH;29.06.2021;13.09.2023
Internetová stránka;slottyway1.com;;;;§ 84a odst. 2 písm. a) ZHH;29.06.2021;13.09.2023
Internetová stránka;slottyway2.com;;;;§ 84a odst. 2 písm. a) ZHH;29.06.2021;13.09.2023
Internetová stránka;slottyway4.com;;;;§ 84a odst. 2 písm. a) ZHH;29.06.2021;13.09.2023
Internetová stránka;slottyway5.com;;;;§ 84a odst. 2 písm. a) ZHH;29.06.2021;13.09.2023
Internetová stránka;kingdomcasino.com;;;;§ 84a odst. 2 písm. a) ZHH;16.07.2021;
Internetová stránka;burancasino.com;;;;§ 84a odst. 2 písm. a) ZHH;16.07.2021;
Internetová stránka;burancasino1.com;;;;§ 84a odst. 2 písm. a) ZHH;16.07.2021;
Internetová stránka;burancasino2.com;;;;§ 84a odst. 2 písm. a) ZHH;16.07.2021;
Internetová stránka;burancasino3.com;;;;§ 84a odst. 2 písm. a) ZHH;16.07.2021;
Internetová stránka;burancasino4.com;;;;§ 84a odst. 2 písm. a) ZHH;16.07.2021;
Internetová stránka;burancasino27.com;;;;§ 84a odst. 2 písm. a) ZHH;16.07.2021;
Internetová stránka;burancasino77.com;;;;§ 84a odst. 2 písm. a) ZHH;16.07.2021;
Internetová stránka;burancasino88.com;;;;§ 84a odst. 2 písm. a) ZHH;16.07.2021;
Internetová stránka;burancasino100.com;;;;§ 84a odst. 2 písm. a) ZHH;16.07.2021;
Internetová stránka;burancasino855.com;;;;§ 84a odst. 2 písm. a) ZHH;16.07.2021;
Internetová stránka;burancasino888.com;;;;§ 84a odst. 2 písm. a) ZHH;16.07.2021;
Internetová stránka;syndicate.casino;;;;§ 84a odst. 2 písm. a) ZHH;16.07.2021;
Internetová stránka;casinotoken.com;;;;§ 84a odst. 2 písm. a) ZHH;04.08.2021;
Internetová stránka;getslots.com;;;;§ 84a odst. 2 písm. a) ZHH;04.08.2021;
Internetová stránka;luckybirdcasino.com;;;;§ 84a odst. 2 písm. a) ZHH;04.08.2021;07.06.2023
Internetová stránka;luckybirdcasino6.com;;;;§ 84a odst. 2 písm. a) ZHH;04.08.2021;07.06.2023
Internetová stránka;luckybirdcasino7.com;;;;§ 84a odst. 2 písm. a) ZHH;04.08.2021;07.06.2023
Internetová stránka;luckybirdcasino8.com;;;;§ 84a odst. 2 písm. a) ZHH;04.08.2021;07.06.2023
Internetová stránka;luckybirdcasino9.com;;;;§ 84a odst. 2 písm. a) ZHH;04.08.2021;07.06.2023
Internetová stránka;fortunetowin.com;;;;§ 84a odst. 2 písm. a) ZHH;01.10.2021;
Internetová stránka;mostbet.com;;;;§ 84a odst. 2 písm. a) ZHH;01.10.2021;
Internetová stránka;mostbet-cz.com;;;;§ 84a odst. 2 písm. a) ZHH;01.10.2021;
Internetová stránka;mostbetcz45.com;;;;§ 84a odst. 2 písm. a) ZHH;01.10.2021;
Internetová stránka;mostbetcz46.com;;;;§ 84a odst. 2 písm. a) ZHH;01.10.2021;
Internetová stránka;mostbetcz47.com;;;;§ 84a odst. 2 písm. a) ZHH;01.10.2021;
Internetová stránka;mostbetcze70.com;;;;§ 84a odst. 2 písm. a) ZHH;01.10.2021;
Internetová stránka;mostbetcze71.com;;;;§ 84a odst. 2 písm. a) ZHH;01.10.2021;
Internetová stránka;mostbetcze72.com;;;;§ 84a odst. 2 písm. a) ZHH;01.10.2021;
Internetová stránka;mostbetcz.net;;;;§ 84a odst. 2 písm. a) ZHH;01.10.2021;
Internetová stránka;mostbetcz.online;;;;§ 84a odst. 2 písm. a) ZHH;01.10.2021;
Internetová stránka;boaboa.com;;;;§ 84a odst. 2 písm. a) ZHH;22.10.2021;
Internetová stránka;boaboa1.com;;;;§ 84a odst. 2 písm. a) ZHH;22.10.2021;
Internetová stránka;boaboa2.com;;;;§ 84a odst. 2 písm. a) ZHH;22.10.2021;
Internetová stránka;boaboa3.com;;;;§ 84a odst. 2 písm. a) ZHH;22.10.2021;
Internetová stránka;boaboa4.com;;;;§ 84a odst. 2 písm. a) ZHH;22.10.2021;
Internetová stránka;boaboa5.com;;;;§ 84a odst. 2 písm. a) ZHH;22.10.2021;
Internetová stránka;boaboa6.com;;;;§ 84a odst. 2 písm. a) ZHH;22.10.2021;
Internetová stránka;boaboa7.com;;;;§ 84a odst. 2 písm. a) ZHH;22.10.2021;
Internetová stránka;boaboa8.com;;;;§ 84a odst. 2 písm. a) ZHH;22.10.2021;
Internetová stránka;boaboa9.com;;;;§ 84a odst. 2 písm. a) ZHH;22.10.2021;
Internetová stránka;boaboa10.com;;;;§ 84a odst. 2 písm. a) ZHH;22.10.2021;
Internetová stránka;boaboa755.com;;;;§ 84a odst. 2 písm. a) ZHH;22.10.2021;
Internetová stránka;boaboa855.com;;;;§ 84a odst. 2 písm. a) ZHH;22.10.2021;
Internetová stránka;woocasino.com;;;;§ 84a odst. 2 písm. a) ZHH;24.11.2021;
Internetová stránka;woocasino1.com;;;;§ 84a odst. 2 písm. a) ZHH;24.11.2021;
Internetová stránka;woocasino2.com;;;;§ 84a odst. 2 písm. a) ZHH;24.11.2021;
Internetová stránka;woocasino3.com;;;;§ 84a odst. 2 písm. a) ZHH;24.11.2021;
Internetová stránka;allrightcasino.com;;;;§ 84a odst. 2 písm. a) ZHH;13.12.2021;13.09.2023
Internetová stránka;allrightcasino.online;;;;§ 84a odst. 2 písm. a) ZHH;13.12.2021;13.09.2023
Internetová stránka;allrightcasino6.com;;;;§ 84a odst. 2 písm. a) ZHH;13.12.2021;13.09.2023
Internetová stránka;allrightcasino7.com;;;;§ 84a odst. 2 písm. a) ZHH;13.12.2021;13.09.2023
Internetová stránka;allrightcasino11.com;;;;§ 84a odst. 2 písm. a) ZHH;13.12.2021;13.09.2023
Internetová stránka;allrightcasino15.com;;;;§ 84a odst. 2 písm. a) ZHH;13.12.2021;13.09.2023
Internetová stránka;1casinoallright.com;;;;§ 84a odst. 2 písm. a) ZHH;13.12.2021;13.09.2023
Internetová stránka;2casinoallright.com;;;;§ 84a odst. 2 písm. a) ZHH;13.12.2021;13.09.2023
Internetová stránka;wildtornado.casino;;;;§ 84a odst. 2 písm. a) ZHH;13.12.2021;
Internetová stránka;wildtornado2.casino;;;;§ 84a odst. 2 písm. a) ZHH;13.12.2021;
Internetová stránka;wildtornado3.casino;;;;§ 84a odst. 2 písm. a) ZHH;13.12.2021;
Internetová stránka;wildtornado.vip;;;;§ 84a odst. 2 písm. a) ZHH;13.12.2021;
Internetová stránka;boomerang-casino2.com;;;;§ 84a odst. 2 písm. a) ZHH;13.12.2021;
Internetová stránka;boomerang-casino3.com;;;;§ 84a odst. 2 písm. a) ZHH;13.12.2021;
Internetová stránka;boomerang-casinos.com;;;;§ 84a odst. 2 písm. a) ZHH;13.12.2021;
Internetová stránka;supercatcasino.com;;;;§ 84a odst. 2 písm. a) ZHH;12.01.2022;06.09.2023
Internetová stránka;6supercatcasino.com;;;;§ 84a odst. 2 písm. a) ZHH;12.01.2022;06.09.2023
Internetová stránka;7supercatcasino.com;;;;§ 84a odst. 2 písm. a) ZHH;12.01.2022;06.09.2023
Internetová stránka;8supercatcasino.com;;;;§ 84a odst. 2 písm. a) ZHH;12.01.2022;06.09.2023
Internetová stránka;9supercatcasino.com;;;;§ 84a odst. 2 písm. a) ZHH;12.01.2022;06.09.2023
Internetová stránka;10supercatcasino.com;;;;§ 84a odst. 2 písm. a) ZHH;12.01.2022;06.09.2023
Internetová stránka;12supercatcasino.com;;;;§ 84a odst. 2 písm. a) ZHH;12.01.2022;06.09.2023
Internetová stránka;13supercatcasino.com;;;;§ 84a odst. 2 písm. a) ZHH;12.01.2022;06.09.2023
Internetová stránka;14supercatcasino.com;;;;§ 84a odst. 2 písm. a) ZHH;12.01.2022;06.09.2023
Internetová stránka;15supercatcasino.com;;;;§ 84a odst. 2 písm. a) ZHH;12.01.2022;06.09.2023
Internetová stránka;supercatcasino6.com;;;;§ 84a odst. 2 písm. a) ZHH;12.01.2022;06.09.2023
Internetová stránka;supercatcasino7.com;;;;§ 84a odst. 2 písm. a) ZHH;12.01.2022;06.09.2023
Internetová stránka;supercatcasino8.com;;;;§ 84a odst. 2 písm. a) ZHH;12.01.2022;06.09.2023
Internetová stránka;supercatcasino9.com;;;;§ 84a odst. 2 písm. a) ZHH;12.01.2022;06.09.2023
Internetová stránka;supercatcasino10.com;;;;§ 84a odst. 2 písm. a) ZHH;12.01.2022;06.09.2023
Internetová stránka;supercatcasino11.com;;;;§ 84a odst. 2 písm. a) ZHH;12.01.2022;06.09.2023
Internetová stránka;supercatcasino12.com;;;;§ 84a odst. 2 písm. a) ZHH;12.01.2022;06.09.2023
Internetová stránka;supercatcasino14.com;;;;§ 84a odst. 2 písm. a) ZHH;12.01.2022;06.09.2023
Internetová stránka;supercatcasino16.com;;;;§ 84a odst. 2 písm. a) ZHH;12.01.2022;06.09.2023
Internetová stránka;5gringos.com;;;;§ 84a odst. 2 písm. a) ZHH;12.01.2022;
Internetová stránka;5gringos1.com;;;;§ 84a odst. 2 písm. a) ZHH;12.01.2022;
Internetová stránka;5gringos2.com;;;;§ 84a odst. 2 písm. a) ZHH;12.01.2022;
Internetová stránka;20bet.com;;;;§ 84a odst. 2 písm. a) ZHH;12.01.2022;
Internetová stránka;20bet1.com;;;;§ 84a odst. 2 písm. a) ZHH;12.01.2022;
Internetová stránka;20bet2.com;;;;§ 84a odst. 2 písm. a) ZHH;12.01.2022;
Internetová stránka;20bet5.com;;;;§ 84a odst. 2 písm. a) ZHH;12.01.2022;
Internetová stránka;7signs.com;;;;§ 84a odst. 2 písm. a) ZHH;21.01.2022;
Internetová stránka;7signs1.com;;;;§ 84a odst. 2 písm. a) ZHH;21.01.2022;
Internetová stránka;7signs2.com;;;;§ 84a odst. 2 písm. a) ZHH;21.01.2022;
Internetová stránka;7signs3.com;;;;§ 84a odst. 2 písm. a) ZHH;21.01.2022;
Internetová stránka;7signs100.com;;;;§ 84a odst. 2 písm. a) ZHH;21.01.2022;
Internetová stránka;22bet1.net;;;;§ 84a odst. 2 písm. a) ZHH;21.01.2022;
Internetová stránka;22bet8.net;;;;§ 84a odst. 2 písm. a) ZHH;21.01.2022;
Internetová stránka;22bet5.com;;;;§ 84a odst. 2 písm. a) ZHH;21.01.2022;
Internetová stránka;22bets.me;;;;§ 84a odst. 2 písm. a) ZHH;21.01.2022;
Internetová stránka;nationalcasino.com;;;;§ 84a odst. 2 písm. a) ZHH;21.01.2022;
Internetová stránka;kajot-casino.com;;;;§ 84a odst. 2 písm. a) ZHH;21.01.2022;
Internetová stránka;katsubet.com;;;;§ 84a odst. 2 písm. a) ZHH;21.01.2022;
Internetová stránka;casombie.com;;;;§ 84a odst. 2 písm. a) ZHH;21.01.2022;
Internetová stránka;casombie1.com;;;;§ 84a odst. 2 písm. a) ZHH;21.01.2022;
Internetová stránka;casombie3.com;;;;§ 84a odst. 2 písm. a) ZHH;21.01.2022;
Internetová stránka;casombie100.com;;;;§ 84a odst. 2 písm. a) ZHH;21.01.2022;
Internetová stránka;tsars.com;;;;§ 84a odst. 2 písm. a) ZHH;21.01.2022;
Internetová stránka;tsars1.com;;;;§ 84a odst. 2 písm. a) ZHH;21.01.2022;
Internetová stránka;tsars2.com;;;;§ 84a odst. 2 písm. a) ZHH;21.01.2022;
Internetová stránka;tsars3.com;;;;§ 84a odst. 2 písm. a) ZHH;21.01.2022;
Internetová stránka;tsars4.com;;;;§ 84a odst. 2 písm. a) ZHH;21.01.2022;
Internetová stránka;tsars5.com;;;;§ 84a odst. 2 písm. a) ZHH;21.01.2022;
Internetová stránka;drakemall.com;;;;§ 84a odst. 2 písm. a) ZHH;16.02.2022;
Internetová stránka;blackchippoker.eu;;;;§ 84a odst. 2 písm. a) ZHH;16.02.2022;
Internetová stránka;1slottyway.com;;;;§ 84a odst. 2 písm. a) ZHH;16.02.2022;07.06.2023
Internetová stránka;2slottyway.com;;;;§ 84a odst. 2 písm. a) ZHH;16.02.2022;07.06.2023
Internetová stránka;3slottyway.com;;;;§ 84a odst. 2 písm. a) ZHH;16.02.2022;07.06.2023
Internetová stránka;4slottyway.com;;;;§ 84a odst. 2 písm. a) ZHH;16.02.2022;07.06.2023
Internetová stránka;5slottyway.com;;;;§ 84a odst. 2 písm. a) ZHH;16.02.2022;07.06.2023
Internetová stránka;slottyway10.com;;;;§ 84a odst. 2 písm. a) ZHH;16.02.2022;07.06.2023
Internetová stránka;slottyway11.com;;;;§ 84a odst. 2 písm. a) ZHH;16.02.2022;07.06.2023
Internetová stránka;slottyway12.com;;;;§ 84a odst. 2 písm. a) ZHH;16.02.2022;07.06.2023
Internetová stránka;slottyway16.com;;;;§ 84a odst. 2 písm. a) ZHH;16.02.2022;07.06.2023
Internetová stránka;slottyway777.com;;;;§ 84a odst. 2 písm. a) ZHH;16.02.2022;07.06.2023
Internetová stránka;8slottyway.com;;;;§ 84a odst. 2 písm. a) ZHH;16.02.2022;07.06.2023
Internetová stránka;slottywaycasino3.com;;;;§ 84a odst. 2 písm. a) ZHH;16.02.2022;07.06.2023
Internetová stránka;rabona.com;;;;§ 84a odst. 2 písm. a) ZHH;07.03.2022;
Internetová stránka;rabona1.com;;;;§ 84a odst. 2 písm. a) ZHH;07.03.2022;
Internetová stránka;rabona3.com;;;;§ 84a odst. 2 písm. a) ZHH;07.03.2022;
Internetová stránka;rabona4.com;;;;§ 84a odst. 2 písm. a) ZHH;07.03.2022;
Internetová stránka;rabona5.com;;;;§ 84a odst. 2 písm. a) ZHH;07.03.2022;
Internetová stránka;rabona100.com;;;;§ 84a odst. 2 písm. a) ZHH;07.03.2022;
Internetová stránka;1bet.com;;;;§ 84a odst. 2 písm. a) ZHH;15.03.2022;
Internetová stránka;zencasino5.com;;;;§ 84a odst. 2 písm. a) ZHH;06.04.2022;
Internetová stránka;richprize.com;;;;§ 84a odst. 2 písm. a) ZHH;06.04.2022;
Internetová stránka;richprize3.com;;;;§ 84a odst. 2 písm. a) ZHH;06.04.2022;
Internetová stránka;richprize.info;;;;§ 84a odst. 2 písm. a) ZHH;06.04.2022;
Internetová stránka;richprize.bet;;;;§ 84a odst. 2 písm. a) ZHH;06.04.2022;
Internetová stránka;ninecasino.com;;;;§ 84a odst. 2 písm. a) ZHH;27.04.2022;
Internetová stránka;ninecasino1.com;;;;§ 84a odst. 2 písm. a) ZHH;27.04.2022;
Internetová stránka;casinoly.com;;;;§ 84a odst. 2 písm. a) ZHH;27.04.2022;
Internetová stránka;casinoly1.com;;;;§ 84a odst. 2 písm. a) ZHH;27.04.2022;
Internetová stránka;casinoly2.com;;;;§ 84a odst. 2 písm. a) ZHH;27.04.2022;
Internetová stránka;casinoly3.com;;;;§ 84a odst. 2 písm. a) ZHH;27.04.2022;
Internetová stránka;casinoly100.com;;;;§ 84a odst. 2 písm. a) ZHH;27.04.2022;
Internetová stránka;supercatcasino77.com;;;;§ 84a odst. 2 písm. a) ZHH;01.06.2022;
Internetová stránka;powbet.com;;;;§ 84a odst. 2 písm. a) ZHH;01.06.2022;
Internetová stránka;powbet1.com;;;;§ 84a odst. 2 písm. a) ZHH;01.06.2022;
Internetová stránka;powbet100.com;;;;§ 84a odst. 2 písm. a) ZHH;01.06.2022;
Internetová stránka;sportaza.com;;;;§ 84a odst. 2 písm. a) ZHH;01.06.2022;
Internetová stránka;sportaza1.com;;;;§ 84a odst. 2 písm. a) ZHH;01.06.2022;
Internetová stránka;sportaza100.com;;;;§ 84a odst. 2 písm. a) ZHH;01.06.2022;
Internetová stránka;excitewin1.com;;;;§ 84a odst. 2 písm. a) ZHH;13.07.2022;
Internetová stránka;excitewin.com;;;;§ 84a odst. 2 písm. a) ZHH;13.07.2022;
Internetová stránka;excitewin2.com;;;;§ 84a odst. 2 písm. a) ZHH;13.07.2022;
Internetová stránka;excitewin3.com;;;;§ 84a odst. 2 písm. a) ZHH;13.07.2022;
Internetová stránka;excitewin5.com;;;;§ 84a odst. 2 písm. a) ZHH;13.07.2022;
Internetová stránka;cazimbo1.com;;;;§ 84a odst. 2 písm. a) ZHH;13.07.2022;
Internetová stránka;cazimbo.com;;;;§ 84a odst. 2 písm. a) ZHH;13.07.2022;
Internetová stránka;cazimbo2.com;;;;§ 84a odst. 2 písm. a) ZHH;13.07.2022;
Internetová stránka;cazimbo3.com;;;;§ 84a odst. 2 písm. a) ZHH;13.07.2022;
Internetová stránka;cazimbo4.com;;;;§ 84a odst. 2 písm. a) ZHH;13.07.2022;
Internetová stránka;cazimbo100.com;;;;§ 84a odst. 2 písm. a) ZHH;13.07.2022;
Internetová stránka;100zencasino.com;;;;§ 84a odst. 2 písm. a) ZHH;20.07.2022;
Internetová stránka;brunocasino.com;;;;§ 84a odst. 2 písm. a) ZHH;27.07.2022;
Internetová stránka;wildpharao.com;;;;§ 84a odst. 2 písm. a) ZHH;27.07.2022;
Internetová stránka;bizzocasino1.com;;;;§ 84a odst. 2 písm. a) ZHH;03.08.2022;
Internetová stránka;gamdom.com;;;;§ 84a odst. 2 písm. a) ZHH;17.08.2022;
Internetová stránka;gamdom.eu;;;;§ 84a odst. 2 písm. a) ZHH;17.08.2022;
Internetová stránka;gamdom.net;;;;§ 84a odst. 2 písm. a) ZHH;17.08.2022;
Internetová stránka;ditobet.com;;;;§ 84a odst. 2 písm. a) ZHH;17.08.2022;
Internetová stránka;woocasino4.com;;;;§ 84a odst. 2 písm. a) ZHH;24.08.2022;
Internetová stránka;11supercatcasino.com;;;;§ 84a odst. 2 písm. a) ZHH;24.08.2022;
Internetová stránka;dollycasino1.com;;;;§ 84a odst. 2 písm. a) ZHH;24.08.2022;
Internetová stránka;dollycasino2.com;;;;§ 84a odst. 2 písm. a) ZHH;24.08.2022;
Internetová stránka;dollycasino3.com;;;;§ 84a odst. 2 písm. a) ZHH;24.08.2022;
Internetová stránka;dollycasino100.com;;;;§ 84a odst. 2 písm. a) ZHH;24.08.2022;
Internetová stránka;casinochan.com;;;;§ 84a odst. 2 písm. a) ZHH;31.08.2022;
Internetová stránka;casinochan1.com;;;;§ 84a odst. 2 písm. a) ZHH;31.08.2022;
Internetová stránka;casinochan2.com;;;;§ 84a odst. 2 písm. a) ZHH;31.08.2022;
Internetová stránka;casinochan3.com;;;;§ 84a odst. 2 písm. a) ZHH;31.08.2022;
Internetová stránka;casinochan4.com;;;;§ 84a odst. 2 písm. a) ZHH;31.08.2022;
Internetová stránka;neon54.com;;;;§ 84a odst. 2 písm. a) ZHH;07.09.2022;
Internetová stránka;1neon54.com;;;;§ 84a odst. 2 písm. a) ZHH;07.09.2022;
Internetová stránka;2neon54.com;;;;§ 84a odst. 2 písm. a) ZHH;07.09.2022;
Internetová stránka;3neon54.com;;;;§ 84a odst. 2 písm. a) ZHH;07.09.2022;
Internetová stránka;4neon54.com;;;;§ 84a odst. 2 písm. a) ZHH;07.09.2022;
Internetová stránka;5neon54.com;;;;§ 84a odst. 2 písm. a) ZHH;07.09.2022;
Internetová stránka;6neon54.com;;;;§ 84a odst. 2 písm. a) ZHH;07.09.2022;
Internetová stránka;7neon54.com;;;;§ 84a odst. 2 písm. a) ZHH;07.09.2022;
Internetová stránka;8neon54.com;;;;§ 84a odst. 2 písm. a) ZHH;07.09.2022;
Internetová stránka;100neon54.com;;;;§ 84a odst. 2 písm. a) ZHH;07.09.2022;
Internetová stránka;wildtornado9.casino;;;;§ 84a odst. 2 písm. a) ZHH;07.09.2022;
Internetová stránka;wildtornado10.casino;;;;§ 84a odst. 2 písm. a) ZHH;07.09.2022;
Internetová stránka;wildtornado77.casino;;;;§ 84a odst. 2 písm. a) ZHH;07.09.2022;
Internetová stránka;wildtornado11.casino;;;;§ 84a odst. 2 písm. a) ZHH;07.09.2022;
Internetová stránka;wildtornado12.casino;;;;§ 84a odst. 2 písm. a) ZHH;07.09.2022;
Internetová stránka;rabona6.com;;;;§ 84a odst. 2 písm. a) ZHH;07.09.2022;
Internetová stránka;rabona7.com;;;;§ 84a odst. 2 písm. a) ZHH;07.09.2022;
Internetová stránka;rabona9.com;;;;§ 84a odst. 2 písm. a) ZHH;07.09.2022;
Internetová stránka;rabona10.com;;;;§ 84a odst. 2 písm. a) ZHH;07.09.2022;
Internetová stránka;rabona11.com;;;;§ 84a odst. 2 písm. a) ZHH;07.09.2022;
Internetová stránka;rabona12.com;;;;§ 84a odst. 2 písm. a) ZHH;07.09.2022;
Internetová stránka;rabona13.com;;;;§ 84a odst. 2 písm. a) ZHH;07.09.2022;
Internetová stránka;rabona14.com;;;;§ 84a odst. 2 písm. a) ZHH;07.09.2022;
Internetová stránka;rabona15.com;;;;§ 84a odst. 2 písm. a) ZHH;07.09.2022;
Internetová stránka;rabona18.com;;;;§ 84a odst. 2 písm. a) ZHH;07.09.2022;
Internetová stránka;wazamba3.com;;;;§ 84a odst. 2 písm. a) ZHH;29.09.2022;
Internetová stránka;wazamba1.com;;;;§ 84a odst. 2 písm. a) ZHH;29.09.2022;
Internetová stránka;wazamba2.com;;;;§ 84a odst. 2 písm. a) ZHH;29.09.2022;
Internetová stránka;wazamba5.com;;;;§ 84a odst. 2 písm. a) ZHH;29.09.2022;
Internetová stránka;wazamba7.com;;;;§ 84a odst. 2 písm. a) ZHH;29.09.2022;
Internetová stránka;boomerang-casino4.com;;;;§ 84a odst. 2 písm. a) ZHH;12.10.2022;
Internetová stránka;boomerang-casino5.com;;;;§ 84a odst. 2 písm. a) ZHH;12.10.2022;
Internetová stránka;boomerang-casino6.com;;;;§ 84a odst. 2 písm. a) ZHH;12.10.2022;
Internetová stránka;boomerang-casino7.com;;;;§ 84a odst. 2 písm. a) ZHH;12.10.2022;
Internetová stránka;boomerang-casino8.com;;;;§ 84a odst. 2 písm. a) ZHH;12.10.2022;
Internetová stránka;boomerang-casino9.com;;;;§ 84a odst. 2 písm. a) ZHH;12.10.2022;
Internetová stránka;boomerang-casino10.com;;;;§ 84a odst. 2 písm. a) ZHH;12.10.2022;
Internetová stránka;boomerang-casino11.com;;;;§ 84a odst. 2 písm. a) ZHH;12.10.2022;
Internetová stránka;boomerang-casino100.com;;;;§ 84a odst. 2 písm. a) ZHH;12.10.2022;
Internetová stránka;20glob.com;;;;§ 84a odst. 2 písm. a) ZHH;12.10.2022;
Internetová stránka;5gringos3.com;;;;§ 84a odst. 2 písm. a) ZHH;12.10.2022;
Internetová stránka;5gringos4.com;;;;§ 84a odst. 2 písm. a) ZHH;12.10.2022;
Internetová stránka;5gringos5.com;;;;§ 84a odst. 2 písm. a) ZHH;12.10.2022;
Internetová stránka;5gringos100.com;;;;§ 84a odst. 2 písm. a) ZHH;12.10.2022;
Internetová stránka;houseofspades.com;;;;§ 84a odst. 2 písm. a) ZHH;12.10.2022;
Internetová stránka;houseofspades1.com;;;;§ 84a odst. 2 písm. a) ZHH;12.10.2022;
Internetová stránka;houseofspades2.com;;;;§ 84a odst. 2 písm. a) ZHH;12.10.2022;
Internetová stránka;houseofspades3.com;;;;§ 84a odst. 2 písm. a) ZHH;12.10.2022;
Internetová stránka;alfcasino.com;;;;§ 84a odst. 2 písm. a) ZHH;19.10.2022;
Internetová stránka;alfcasino1.com;;;;§ 84a odst. 2 písm. a) ZHH;19.10.2022;
Internetová stránka;alfcasino2.com;;;;§ 84a odst. 2 písm. a) ZHH;19.10.2022;
Internetová stránka;alfcasino5.com;;;;§ 84a odst. 2 písm. a) ZHH;19.10.2022;
Internetová stránka;alfcasino6.com;;;;§ 84a odst. 2 písm. a) ZHH;19.10.2022;
Internetová stránka;alfcasino7.com;;;;§ 84a odst. 2 písm. a) ZHH;19.10.2022;
Internetová stránka;alfcasino8.com;;;;§ 84a odst. 2 písm. a) ZHH;19.10.2022;
Internetová stránka;alfcasino9.com;;;;§ 84a odst. 2 písm. a) ZHH;19.10.2022;
Internetová stránka;alfcasino10.com;;;;§ 84a odst. 2 písm. a) ZHH;19.10.2022;
Internetová stránka;alfcasino11.com;;;;§ 84a odst. 2 písm. a) ZHH;19.10.2022;
Internetová stránka;alfcasino12.com;;;;§ 84a odst. 2 písm. a) ZHH;19.10.2022;
Internetová stránka;alfcasino13.com;;;;§ 84a odst. 2 písm. a) ZHH;19.10.2022;
Internetová stránka;alfcasino14.com;;;;§ 84a odst. 2 písm. a) ZHH;19.10.2022;
Internetová stránka;alfcasino15.com;;;;§ 84a odst. 2 písm. a) ZHH;19.10.2022;
Internetová stránka;alfcasino16.com;;;;§ 84a odst. 2 písm. a) ZHH;19.10.2022;
Internetová stránka;alfcasino77.com;;;;§ 84a odst. 2 písm. a) ZHH;19.10.2022;
Internetová stránka;alfcasino101.com;;;;§ 84a odst. 2 písm. a) ZHH;19.10.2022;
Internetová stránka;alfcasino755.com;;;;§ 84a odst. 2 písm. a) ZHH;19.10.2022;
Internetová stránka;alfcasino855.com;;;;§ 84a odst. 2 písm. a) ZHH;19.10.2022;
Internetová stránka;vulkanvegas.com;;;;§ 84a odst. 2 písm. a) ZHH;19.10.2022;
Internetová stránka;vulkanvegas1.com;;;;§ 84a odst. 2 písm. a) ZHH;19.10.2022;
Internetová stránka;vulkanvegas2.com;;;;§ 84a odst. 2 písm. a) ZHH;19.10.2022;
Internetová stránka;vulkanvegas3.com;;;;§ 84a odst. 2 písm. a) ZHH;19.10.2022;
Internetová stránka;vulkanvegas5.com;;;;§ 84a odst. 2 písm. a) ZHH;19.10.2022;
Internetová stránka;vulkanvegas6.com;;;;§ 84a odst. 2 písm. a) ZHH;19.10.2022;
Internetová stránka;vulkanvegas7.com;;;;§ 84a odst. 2 písm. a) ZHH;19.10.2022;
Internetová stránka;vulkanvegas8.com;;;;§ 84a odst. 2 písm. a) ZHH;19.10.2022;
Internetová stránka;vulkanvegas9.com;;;;§ 84a odst. 2 písm. a) ZHH;19.10.2022;
Internetová stránka;vulkanvegas10.com;;;;§ 84a odst. 2 písm. a) ZHH;19.10.2022;
Internetová stránka;icecasino.com;;;;§ 84a odst. 2 písm. a) ZHH;19.10.2022;
Internetová stránka;11tsars.com;;;;§ 84a odst. 2 písm. a) ZHH;09.11.2022;
Internetová stránka;22tsars.com;;;;§ 84a odst. 2 písm. a) ZHH;09.11.2022;
Internetová stránka;33tsars.com;;;;§ 84a odst. 2 písm. a) ZHH;09.11.2022;
Internetová stránka;44tsars.com;;;;§ 84a odst. 2 písm. a) ZHH;09.11.2022;
Internetová stránka;55tsars.com;;;;§ 84a odst. 2 písm. a) ZHH;09.11.2022;
Internetová stránka;100tsars.com;;;;§ 84a odst. 2 písm. a) ZHH;09.11.2022;
Internetová stránka;101tsars.com;;;;§ 84a odst. 2 písm. a) ZHH;09.11.2022;
Internetová stránka;102tsars.com;;;;§ 84a odst. 2 písm. a) ZHH;09.11.2022;
Internetová stránka;103tsars.com;;;;§ 84a odst. 2 písm. a) ZHH;09.11.2022;
Internetová stránka;104tsars.com;;;;§ 84a odst. 2 písm. a) ZHH;09.11.2022;
Internetová stránka;105tsars.com;;;;§ 84a odst. 2 písm. a) ZHH;09.11.2022;
Internetová stránka;106tsars.com;;;;§ 84a odst. 2 písm. a) ZHH;09.11.2022;
Internetová stránka;107tsars.com;;;;§ 84a odst. 2 písm. a) ZHH;09.11.2022;
Internetová stránka;200tsars.com;;;;§ 84a odst. 2 písm. a) ZHH;09.11.2022;
Internetová stránka;300tsars.com;;;;§ 84a odst. 2 písm. a) ZHH;09.11.2022;
Internetová stránka;nomini11.com;;;;§ 84a odst. 2 písm. a) ZHH;30.11.2022;
Internetová stránka;nomini12.com;;;;§ 84a odst. 2 písm. a) ZHH;30.11.2022;
Internetová stránka;nomini14.com;;;;§ 84a odst. 2 písm. a) ZHH;30.11.2022;
Internetová stránka;nomini15.com;;;;§ 84a odst. 2 písm. a) ZHH;30.11.2022;
Internetová stránka;nomini16.com;;;;§ 84a odst. 2 písm. a) ZHH;30.11.2022;
Internetová stránka;nomini17.com;;;;§ 84a odst. 2 písm. a) ZHH;30.11.2022;
Internetová stránka;nomini18.com;;;;§ 84a odst. 2 písm. a) ZHH;30.11.2022;
Internetová stránka;nomini100.com;;;;§ 84a odst. 2 písm. a) ZHH;30.11.2022;
Internetová stránka;nomini101.com;;;;§ 84a odst. 2 písm. a) ZHH;30.11.2022;
Internetová stránka;7signs5.com;;;;§ 84a odst. 2 písm. a) ZHH;07.12.2022;
Internetová stránka;7signs6.com;;;;§ 84a odst. 2 písm. a) ZHH;07.12.2022;
Internetová stránka;7signs7.com;;;;§ 84a odst. 2 písm. a) ZHH;07.12.2022;
Internetová stránka;7signs8.com;;;;§ 84a odst. 2 písm. a) ZHH;07.12.2022;
Internetová stránka;7signs9.com;;;;§ 84a odst. 2 písm. a) ZHH;07.12.2022;
Internetová stránka;7signs10.com;;;;§ 84a odst. 2 písm. a) ZHH;07.12.2022;
Internetová stránka;7signs11.com;;;;§ 84a odst. 2 písm. a) ZHH;07.12.2022;
Internetová stránka;7signs12.com;;;;§ 84a odst. 2 písm. a) ZHH;07.12.2022;
Internetová stránka;7signs101.com;;;;§ 84a odst. 2 písm. a) ZHH;07.12.2022;
Internetová stránka;casinounlimited.com;;;;§ 84a odst. 2 písm. a) ZHH;11.01.2023;
Internetová stránka;casinounlimited1.com;;;;§ 84a odst. 2 písm. a) ZHH;11.01.2023;
Internetová stránka;casinounlimited2.com;;;;§ 84a odst. 2 písm. a) ZHH;11.01.2023;
Internetová stránka;casinounlimited100.com;;;;§ 84a odst. 2 písm. a) ZHH;11.01.2023;
Internetová stránka;cadoola.com;;;;§ 84a odst. 2 písm. a) ZHH;11.01.2023;
Internetová stránka;cadoola2.com;;;;§ 84a odst. 2 písm. a) ZHH;11.01.2023;
Internetová stránka;cadoola3.com;;;;§ 84a odst. 2 písm. a) ZHH;11.01.2023;
Internetová stránka;cadoola4.com;;;;§ 84a odst. 2 písm. a) ZHH;11.01.2023;
Internetová stránka;cadoola5.com;;;;§ 84a odst. 2 písm. a) ZHH;11.01.2023;
Internetová stránka;cadoola6.com;;;;§ 84a odst. 2 písm. a) ZHH;11.01.2023;
Internetová stránka;cadoola7.com;;;;§ 84a odst. 2 písm. a) ZHH;11.01.2023;
Internetová stránka;cadoola8.com;;;;§ 84a odst. 2 písm. a) ZHH;11.01.2023;
Internetová stránka;cadoola9.com;;;;§ 84a odst. 2 písm. a) ZHH;11.01.2023;
Internetová stránka;cadoola10.com;;;;§ 84a odst. 2 písm. a) ZHH;11.01.2023;
Internetová stránka;cadoola12.com;;;;§ 84a odst. 2 písm. a) ZHH;11.01.2023;
Internetová stránka;cadoola14.com;;;;§ 84a odst. 2 písm. a) ZHH;11.01.2023;
Internetová stránka;cadoola15.com;;;;§ 84a odst. 2 písm. a) ZHH;11.01.2023;
Internetová stránka;cadoola16.com;;;;§ 84a odst. 2 písm. a) ZHH;11.01.2023;
Internetová stránka;cadoola17.com;;;;§ 84a odst. 2 písm. a) ZHH;11.01.2023;
Internetová stránka;cadoola23.com;;;;§ 84a odst. 2 písm. a) ZHH;11.01.2023;
Internetová stránka;cadoola855.com;;;;§ 84a odst. 2 písm. a) ZHH;11.01.2023;
Internetová stránka;casinounlimited5.com;;;;§ 84a odst. 2 písm. a) ZHH;01.02.2023;
Internetová stránka;greatwin.com;;;;§ 84a odst. 2 písm. a) ZHH;01.02.2023;
Internetová stránka;greatwin1.com;;;;§ 84a odst. 2 písm. a) ZHH;01.02.2023;
Internetová stránka;greatwin2.com;;;;§ 84a odst. 2 písm. a) ZHH;01.02.2023;
Internetová stránka;greatwin100.com;;;;§ 84a odst. 2 písm. a) ZHH;01.02.2023;
Internetová stránka;10zencasino.com;;;;§ 84a odst. 2 písm. a) ZHH;01.02.2023;
Internetová stránka;1zencasino.com;;;;§ 84a odst. 2 písm. a) ZHH;01.02.2023;
Internetová stránka;casinounlimited4.com;;;;§ 84a odst. 2 písm. a) ZHH;16.02.2023;
Internetová stránka;ice-casino34.com;;;;§ 84a odst. 2 písm. a) ZHH;16.02.2023;
Internetová stránka;ice-casino71.com;;;;§ 84a odst. 2 písm. a) ZHH;16.02.2023;
Internetová stránka;ice-casino75.com;;;;§ 84a odst. 2 písm. a) ZHH;16.02.2023;
Internetová stránka;ice-casino88.com;;;;§ 84a odst. 2 písm. a) ZHH;16.02.2023;
Internetová stránka;icecasino6.com;;;;§ 84a odst. 2 písm. a) ZHH;16.02.2023;
Internetová stránka;fezbet.com;;;;§ 84a odst. 2 písm. a) ZHH;16.02.2023;
Internetová stránka;fezbet1.com;;;;§ 84a odst. 2 písm. a) ZHH;16.02.2023;
Internetová stránka;fezbet3.com;;;;§ 84a odst. 2 písm. a) ZHH;16.02.2023;
Internetová stránka;fezbet4.com;;;;§ 84a odst. 2 písm. a) ZHH;16.02.2023;
Internetová stránka;fezbet5.com;;;;§ 84a odst. 2 písm. a) ZHH;16.02.2023;
Internetová stránka;fezbet6.com;;;;§ 84a odst. 2 písm. a) ZHH;16.02.2023;
Internetová stránka;fezbet7.com;;;;§ 84a odst. 2 písm. a) ZHH;16.02.2023;
Internetová stránka;fezbet8.com;;;;§ 84a odst. 2 písm. a) ZHH;16.02.2023;
Internetová stránka;fezbet9.com;;;;§ 84a odst. 2 písm. a) ZHH;16.02.2023;
Internetová stránka;fezbet10.com;;;;§ 84a odst. 2 písm. a) ZHH;16.02.2023;
Internetová stránka;fezbet11.com;;;;§ 84a odst. 2 písm. a) ZHH;16.02.2023;
Internetová stránka;fezbet100.com;;;;§ 84a odst. 2 písm. a) ZHH;16.02.2023;
Internetová stránka;slotspalace1.com;;;;§ 84a odst. 2 písm. a) ZHH;16.02.2023;
Internetová stránka;slotspalace.com;;;;§ 84a odst. 2 písm. a) ZHH;16.02.2023;
Internetová stránka;slotspalace3.com;;;;§ 84a odst. 2 písm. a) ZHH;16.02.2023;
Internetová stránka;slotspalace4.com;;;;§ 84a odst. 2 písm. a) ZHH;16.02.2023;
Internetová stránka;slotspalace5.com;;;;§ 84a odst. 2 písm. a) ZHH;16.02.2023;
Internetová stránka;slotspalace6.com;;;;§ 84a odst. 2 písm. a) ZHH;16.02.2023;
Internetová stránka;slotspalace7.com;;;;§ 84a odst. 2 písm. a) ZHH;16.02.2023;
Internetová stránka;slotspalace100.com;;;;§ 84a odst. 2 písm. a) ZHH;16.02.2023;
Internetová stránka;200zencasino.com;;;;§ 84a odst. 2 písm. a) ZHH;16.02.2023;
Internetová stránka;casinounlimited3.com;;;;§ 84a odst. 2 písm. a) ZHH;22.02.2023;
Internetová stránka;sportaza2.com;;;;§ 84a odst. 2 písm. a) ZHH;22.02.2023;
Internetová stránka;sportaza3.com;;;;§ 84a odst. 2 písm. a) ZHH;22.02.2023;
Internetová stránka;sportaza4.com;;;;§ 84a odst. 2 písm. a) ZHH;22.02.2023;
Internetová stránka;sportaza5.com;;;;§ 84a odst. 2 písm. a) ZHH;22.02.2023;
Internetová stránka;sportaza6.com;;;;§ 84a odst. 2 písm. a) ZHH;22.02.2023;
Internetová stránka;sportaza7.com;;;;§ 84a odst. 2 písm. a) ZHH;22.02.2023;
Internetová stránka;sportaza8.com;;;;§ 84a odst. 2 písm. a) ZHH;22.02.2023;
Internetová stránka;sportaza9.com;;;;§ 84a odst. 2 písm. a) ZHH;22.02.2023;
Internetová stránka;sportaza10.com;;;;§ 84a odst. 2 písm. a) ZHH;22.02.2023;
Internetová stránka;pelicancasino.games;;;;§ 84a odst. 2 písm. a) ZHH;22.02.2023;
Internetová stránka;pelicancasino1.games;;;;§ 84a odst. 2 písm. a) ZHH;22.02.2023;
Internetová stránka;boaboa11.com;;;;§ 84a odst. 2 písm. a) ZHH;08.03.2023;
Internetová stránka;boaboa12.com;;;;§ 84a odst. 2 písm. a) ZHH;08.03.2023;
Internetová stránka;boaboa14.com;;;;§ 84a odst. 2 písm. a) ZHH;08.03.2023;
Internetová stránka;boaboa15.com;;;;§ 84a odst. 2 písm. a) ZHH;08.03.2023;
Internetová stránka;boaboa16.com;;;;§ 84a odst. 2 písm. a) ZHH;08.03.2023;
Internetová stránka;boaboa17.com;;;;§ 84a odst. 2 písm. a) ZHH;08.03.2023;
Internetová stránka;boaboa18.com;;;;§ 84a odst. 2 písm. a) ZHH;08.03.2023;
Internetová stránka;boaboa19.com;;;;§ 84a odst. 2 písm. a) ZHH;08.03.2023;
Internetová stránka;boaboa20.com;;;;§ 84a odst. 2 písm. a) ZHH;08.03.2023;
Internetová stránka;boaboa21.com;;;;§ 84a odst. 2 písm. a) ZHH;08.03.2023;
Internetová stránka;boaboa77.com;;;;§ 84a odst. 2 písm. a) ZHH;08.03.2023;
Internetová stránka;zenbetting8.com;;;;§ 84a odst. 2 písm. a) ZHH;08.03.2023;
Internetová stránka;zenbetting2.com;;;;§ 84a odst. 2 písm. a) ZHH;08.03.2023;
Internetová stránka;zenbetting3.com;;;;§ 84a odst. 2 písm. a) ZHH;08.03.2023;
Internetová stránka;zenbetting5.com;;;;§ 84a odst. 2 písm. a) ZHH;08.03.2023;
Internetová stránka;zenbetting88.com;;;;§ 84a odst. 2 písm. a) ZHH;08.03.2023;
Internetová stránka;zenbetting888.com;;;;§ 84a odst. 2 písm. a) ZHH;08.03.2023;
Internetová stránka;fortuneclock.com;;;;§ 84a odst. 2 písm. a) ZHH;08.03.2023;
Internetová stránka;fortuneclock1.com;;;;§ 84a odst. 2 písm. a) ZHH;08.03.2023;
Internetová stránka;fortuneclock6.com;;;;§ 84a odst. 2 písm. a) ZHH;08.03.2023;
Internetová stránka;fortuneclock10.com;;;;§ 84a odst. 2 písm. a) ZHH;08.03.2023;
Internetová stránka;fortuneclock18.com;;;;§ 84a odst. 2 písm. a) ZHH;08.03.2023;
Internetová stránka;fortuneclock19.com;;;;§ 84a odst. 2 písm. a) ZHH;08.03.2023;
Internetová stránka;fortuneclock20.com;;;;§ 84a odst. 2 písm. a) ZHH;08.03.2023;
Internetová stránka;fortuneclock21.com;;;;§ 84a odst. 2 písm. a) ZHH;08.03.2023;
Internetová stránka;fortuneclock22.com;;;;§ 84a odst. 2 písm. a) ZHH;08.03.2023;
Internetová stránka;fortuneclock23.com;;;;§ 84a odst. 2 písm. a) ZHH;08.03.2023;
Internetová stránka;fortuneclock25.com;;;;§ 84a odst. 2 písm. a) ZHH;08.03.2023;
Internetová stránka;fortuneclock26.com;;;;§ 84a odst. 2 písm. a) ZHH;08.03.2023;
Internetová stránka;18fortuneclock.com;;;;§ 84a odst. 2 písm. a) ZHH;08.03.2023;
Internetová stránka;19fortuneclock.com;;;;§ 84a odst. 2 písm. a) ZHH;08.03.2023;
Internetová stránka;20fortuneclock.com;;;;§ 84a odst. 2 písm. a) ZHH;08.03.2023;
Internetová stránka;21fortuneclock.com;;;;§ 84a odst. 2 písm. a) ZHH;08.03.2023;
Internetová stránka;22fortuneclock.com;;;;§ 84a odst. 2 písm. a) ZHH;08.03.2023;
Internetová stránka;23fortuneclock.com;;;;§ 84a odst. 2 písm. a) ZHH;08.03.2023;
Internetová stránka;24fortuneclock.com;;;;§ 84a odst. 2 písm. a) ZHH;08.03.2023;
Internetová stránka;28fortuneclock.com;;;;§ 84a odst. 2 písm. a) ZHH;08.03.2023;
Internetová stránka;clockfortune5.com;;;;§ 84a odst. 2 písm. a) ZHH;08.03.2023;
Internetová stránka;fortuneclock1.online;;;;§ 84a odst. 2 písm. a) ZHH;08.03.2023;
Internetová stránka;fortuneclock2.online;;;;§ 84a odst. 2 písm. a) ZHH;08.03.2023;
Internetová stránka;fortuneclock5.online;;;;§ 84a odst. 2 písm. a) ZHH;08.03.2023;
Internetová stránka;fortuneclock10.online;;;;§ 84a odst. 2 písm. a) ZHH;08.03.2023;
Internetová stránka;fortuneclock.net;;;;§ 84a odst. 2 písm. a) ZHH;08.03.2023;
Internetová stránka;fortuneclock9.net;;;;§ 84a odst. 2 písm. a) ZHH;08.03.2023;
Internetová stránka;1fortuneclock.club;;;;§ 84a odst. 2 písm. a) ZHH;08.03.2023;
Internetová stránka;2fortuneclock.club;;;;§ 84a odst. 2 písm. a) ZHH;08.03.2023;
Internetová stránka;ohmyspins.com;;;;§ 84a odst. 2 písm. a) ZHH;22.03.2023;
Internetová stránka;ohmyspins1.com;;;;§ 84a odst. 2 písm. a) ZHH;22.03.2023;
Internetová stránka;ohmyspins2.com;;;;§ 84a odst. 2 písm. a) ZHH;22.03.2023;
Internetová stránka;ohmyspins3.com;;;;§ 84a odst. 2 písm. a) ZHH;22.03.2023;
Internetová stránka;ohmyspins4.com;;;;§ 84a odst. 2 písm. a) ZHH;22.03.2023;
Internetová stránka;ohmyspins5.com;;;;§ 84a odst. 2 písm. a) ZHH;22.03.2023;
Internetová stránka;ohmyspins100.com;;;;§ 84a odst. 2 písm. a) ZHH;22.03.2023;
Internetová stránka;greatwin6.com;;;;§ 84a odst. 2 písm. a) ZHH;22.03.2023;
Internetová stránka;bizzocasino3.com;;;;§ 84a odst. 2 písm. a) ZHH;29.03.2023;
Internetová stránka;bizzocasino4.com;;;;§ 84a odst. 2 písm. a) ZHH;29.03.2023;
Internetová stránka;bizzocasino5.com;;;;§ 84a odst. 2 písm. a) ZHH;29.03.2023;
Internetová stránka;nationalcasino.co ;;;;§ 84a odst. 2 písm. a) ZHH;29.03.2023;
Internetová stránka;megahry.com;;;;§ 84a odst. 2 písm. a) ZHH;29.03.2023;
Internetová stránka;20beto.com;;;;§ 84a odst. 2 písm. a) ZHH;05.04.2023;
Internetová stránka;mostbet-bd1.com;;;;§ 84a odst. 2 písm. a) ZHH;12.04.2023;
Internetová stránka;c5rj6hg54y8omst.com;;;;§ 84a odst. 2 písm. a) ZHH;12.04.2023;
Internetová stránka;ninecasino2.com;;;;§ 84a odst. 2 písm. a) ZHH;12.04.2023;
Internetová stránka;ninecasino3.com;;;;§ 84a odst. 2 písm. a) ZHH;12.04.2023;
Internetová stránka;ninecasino4.com;;;;§ 84a odst. 2 písm. a) ZHH;12.04.2023;
Internetová stránka;greatwin5.com;;;;§ 84a odst. 2 písm. a) ZHH;19.04.2023;
Internetová stránka;22betxz.com;;;;§ 84a odst. 2 písm. a) ZHH;19.04.2023;
Internetová stránka;amunra.com;;;;§ 84a odst. 2 písm. a) ZHH;03.05.2023;
Internetová stránka;amunra1.com;;;;§ 84a odst. 2 písm. a) ZHH;03.05.2023;
Internetová stránka;amunra2.com;;;;§ 84a odst. 2 písm. a) ZHH;03.05.2023;
Internetová stránka;amunra3.com;;;;§ 84a odst. 2 písm. a) ZHH;03.05.2023;
Internetová stránka;amunra4.com;;;;§ 84a odst. 2 písm. a) ZHH;03.05.2023;
Internetová stránka;amunra5.com;;;;§ 84a odst. 2 písm. a) ZHH;03.05.2023;
Internetová stránka;amunra6.com;;;;§ 84a odst. 2 písm. a) ZHH;03.05.2023;
Internetová stránka;amunra7.com;;;;§ 84a odst. 2 písm. a) ZHH;03.05.2023;
Internetová stránka;amunra8.com;;;;§ 84a odst. 2 písm. a) ZHH;03.05.2023;
Internetová stránka;amunra9.com;;;;§ 84a odst. 2 písm. a) ZHH;03.05.2023;
Internetová stránka;amunra10.com;;;;§ 84a odst. 2 písm. a) ZHH;03.05.2023;
Internetová stránka;amunra11.com;;;;§ 84a odst. 2 písm. a) ZHH;03.05.2023;
Internetová stránka;amunra12.com;;;;§ 84a odst. 2 písm. a) ZHH;03.05.2023;
Internetová stránka;amunra13.com;;;;§ 84a odst. 2 písm. a) ZHH;03.05.2023;
Internetová stránka;amunra14.com;;;;§ 84a odst. 2 písm. a) ZHH;03.05.2023;
Internetová stránka;amunra15.com;;;;§ 84a odst. 2 písm. a) ZHH;03.05.2023;
Internetová stránka;amunra100.com;;;;§ 84a odst. 2 písm. a) ZHH;03.05.2023;
Internetová stránka;amunra101.com;;;;§ 84a odst. 2 písm. a) ZHH;03.05.2023;
Internetová stránka;ivibet.com;;;;§ 84a odst. 2 písm. a) ZHH;09.05.2023;
Internetová stránka;greatwin4.com;;;;§ 84a odst. 2 písm. a) ZHH;24.05.2023;
Internetová stránka;justbit.io;;;;§ 84a odst. 2 písm. a) ZHH;24.05.2023;
Internetová stránka;brunocasino1.com;;;;§ 84a odst. 2 písm. a) ZHH;24.05.2023;
Internetová stránka;brunocasino2.com;;;;§ 84a odst. 2 písm. a) ZHH;24.05.2023;
Internetová stránka;brunocasino3.com;;;;§ 84a odst. 2 písm. a) ZHH;24.05.2023;
Internetová stránka;brunocasino4.com;;;;§ 84a odst. 2 písm. a) ZHH;24.05.2023;
Internetová stránka;hellspin.com;;;;§ 84a odst. 2 písm. a) ZHH;24.05.2023;
Internetová stránka;hellspin1.com;;;;§ 84a odst. 2 písm. a) ZHH;24.05.2023;
Internetová stránka;hellspin2.com;;;;§ 84a odst. 2 písm. a) ZHH;24.05.2023;
Internetová stránka;hellspin3.com;;;;§ 84a odst. 2 písm. a) ZHH;24.05.2023;
Internetová stránka;hellspin4.com;;;;§ 84a odst. 2 písm. a) ZHH;24.05.2023;
Internetová stránka;hellspin5.com;;;;§ 84a odst. 2 písm. a) ZHH;24.05.2023;
Internetová stránka;greatwin3.com;;;;§ 84a odst. 2 písm. a) ZHH;07.06.2023;
Internetová stránka;megapari.com;;;;§ 84a odst. 2 písm. a) ZHH;14.06.2023;
Internetová stránka;megapari3.com;;;;§ 84a odst. 2 písm. a) ZHH;14.06.2023;
Internetová stránka;megapari5.com;;;;§ 84a odst. 2 písm. a) ZHH;14.06.2023;
Internetová stránka;megapari6.com;;;;§ 84a odst. 2 písm. a) ZHH;14.06.2023;
Internetová stránka;megapari7.com;;;;§ 84a odst. 2 písm. a) ZHH;14.06.2023;
Internetová stránka;megapari8.com;;;;§ 84a odst. 2 písm. a) ZHH;14.06.2023;
Internetová stránka;megapari9.com;;;;§ 84a odst. 2 písm. a) ZHH;14.06.2023;
Internetová stránka;megapari10.com;;;;§ 84a odst. 2 písm. a) ZHH;14.06.2023;
Internetová stránka;megapari11.com;;;;§ 84a odst. 2 písm. a) ZHH;14.06.2023;
Internetová stránka;megapari12.com;;;;§ 84a odst. 2 písm. a) ZHH;14.06.2023;
Internetová stránka;megapari13.com;;;;§ 84a odst. 2 písm. a) ZHH;14.06.2023;
Internetová stránka;megapari14.com;;;;§ 84a odst. 2 písm. a) ZHH;14.06.2023;
Internetová stránka;megapari21.com;;;;§ 84a odst. 2 písm. a) ZHH;14.06.2023;
Internetová stránka;megapari22.com;;;;§ 84a odst. 2 písm. a) ZHH;14.06.2023;
Internetová stránka;megapari23.com;;;;§ 84a odst. 2 písm. a) ZHH;14.06.2023;
Internetová stránka;24slots.com;;;;§ 84a odst. 2 písm. a) ZHH;21.06.2023;
Internetová stránka;nasehry.com;;;;§ 84a odst. 2 písm. a) ZHH;21.06.2023;
Internetová stránka;iceonecasino.com;;;;§ 84a odst. 2 písm. a) ZHH;21.06.2023;
Internetová stránka;1good.bet;;;;§ 84a odst. 2 písm. a) ZHH;12.07.2023;
Internetová stránka;trueflip.io;;;;§ 84a odst. 2 písm. a) ZHH;02.08.2023;
Internetová stránka;betobet.com;;;;§ 84a odst. 2 písm. a) ZHH;02.08.2023;
Internetová stránka;wazamba888.com;;;;§ 84a odst. 2 písm. a) ZHH;02.08.2023;
Internetová stránka;wazamba8.com;;;;§ 84a odst. 2 písm. a) ZHH;02.08.2023;
Internetová stránka;wazamba9.com;;;;§ 84a odst. 2 písm. a) ZHH;02.08.2023;
Internetová stránka;wazamba10.com;;;;§ 84a odst. 2 písm. a) ZHH;02.08.2023;
Internetová stránka;wazamba77.com;;;;§ 84a odst. 2 písm. a) ZHH;02.08.2023;
Internetová stránka;wazamba88.com;;;;§ 84a odst. 2 písm. a) ZHH;02.08.2023;
Internetová stránka;9neon54.com;;;;§ 84a odst. 2 písm. a) ZHH;09.08.2023;
Internetová stránka;7signs13.com;;;;§ 84a odst. 2 písm. a) ZHH;09.08.2023;
Internetová stránka;7signs102.com;;;;§ 84a odst. 2 písm. a) ZHH;09.08.2023;
Internetová stránka;richyfish.com;;;;§ 84a odst. 2 písm. a) ZHH;16.08.2023;
Internetová stránka;richyfish1.com;;;;§ 84a odst. 2 písm. a) ZHH;16.08.2023;
Internetová stránka;richyfish4.com;;;;§ 84a odst. 2 písm. a) ZHH;16.08.2023;
Internetová stránka;3richyfish.com;;;;§ 84a odst. 2 písm. a) ZHH;16.08.2023;
Internetová stránka;richyfish.net;;;;§ 84a odst. 2 písm. a) ZHH;16.08.2023;
Internetová stránka;richyfish.club;;;;§ 84a odst. 2 písm. a) ZHH;16.08.2023;
Internetová stránka;richyfish.online;;;;§ 84a odst. 2 písm. a) ZHH;16.08.2023;
Internetová stránka;richyfish1.online;;;;§ 84a odst. 2 písm. a) ZHH;16.08.2023;
Internetová stránka;richyfish2.online;;;;§ 84a odst. 2 písm. a) ZHH;16.08.2023;
Internetová stránka;sportaza12.com;;;;§ 84a odst. 2 písm. a) ZHH;16.08.2023;
Internetová stránka;sportaza13.com;;;;§ 84a odst. 2 písm. a) ZHH;16.08.2023;
Internetová stránka;sportaza16.com;;;;§ 84a odst. 2 písm. a) ZHH;16.08.2023;
Internetová stránka;sportaza101.com;;;;§ 84a odst. 2 písm. a) ZHH;16.08.2023;
Internetová stránka;m.sportaza12.com;;;;§ 84a odst. 2 písm. a) ZHH;16.08.2023;
Internetová stránka;m.sportaza13.com;;;;§ 84a odst. 2 písm. a) ZHH;16.08.2023;
Internetová stránka;m.sportaza16.com;;;;§ 84a odst. 2 písm. a) ZHH;16.08.2023;
Internetová stránka;m.sportaza101.com;;;;§ 84a odst. 2 písm. a) ZHH;16.08.2023;
Internetová stránka;sportuna1.com;;;;§ 84a odst. 2 písm. a) ZHH;16.08.2023;
Internetová stránka;sportuna.com;;;;§ 84a odst. 2 písm. a) ZHH;16.08.2023;
Internetová stránka;sportuna100.com;;;;§ 84a odst. 2 písm. a) ZHH;16.08.2023;
Internetová stránka;casombie2.com;;;;§ 84a odst. 2 písm. a) ZHH;16.08.2023;
Internetová stránka;casombie4.com;;;;§ 84a odst. 2 písm. a) ZHH;16.08.2023;
Internetová stránka;casombie5.com;;;;§ 84a odst. 2 písm. a) ZHH;16.08.2023;
Internetová stránka;casombie6.com;;;;§ 84a odst. 2 písm. a) ZHH;16.08.2023;
Internetová stránka;casombie7.com;;;;§ 84a odst. 2 písm. a) ZHH;16.08.2023;
Internetová stránka;casombie8.com;;;;§ 84a odst. 2 písm. a) ZHH;16.08.2023;
Internetová stránka;casombie9.com;;;;§ 84a odst. 2 písm. a) ZHH;16.08.2023;
Internetová stránka;casombie101.com;;;;§ 84a odst. 2 písm. a) ZHH;16.08.2023;
Internetová stránka;casombie102.com;;;;§ 84a odst. 2 písm. a) ZHH;16.08.2023;
Internetová stránka;rabona25.com ;;;;§ 84a odst. 2 písm. a) ZHH;23.08.2023;
Internetová stránka;rabona500.com;;;;§ 84a odst. 2 písm. a) ZHH;23.08.2023;
Internetová stránka;5gringos8.com;;;;§ 84a odst. 2 písm. a) ZHH;06.09.2023;
Internetová stránka;5gringos9.com;;;;§ 84a odst. 2 písm. a) ZHH;06.09.2023;
Internetová stránka;gringos5.com;;;;§ 84a odst. 2 písm. a) ZHH;06.09.2023;
Internetová stránka;dollycasino.com;;;;§ 84a odst. 2 písm. a) ZHH;06.09.2023;
Internetová stránka;dollycasino6.com;;;;§ 84a odst. 2 písm. a) ZHH;06.09.2023;
Internetová stránka;luckyelektra.com;;;;§ 84a odst. 2 písm. a) ZHH;13.09.2023;
Internetová stránka;luckyelektra1.com;;;;§ 84a odst. 2 písm. a) ZHH;13.09.2023;
Internetová stránka;luckyelektra2.com;;;;§ 84a odst. 2 písm. a) ZHH;13.09.2023;
Internetová stránka;luckyelektra5.com;;;;§ 84a odst. 2 písm. a) ZHH;13.09.2023;
Internetová stránka;luckyelektra100.com;;;;§ 84a odst. 2 písm. a) ZHH;13.09.2023;
Internetová stránka;scatterhall.com;;;;§ 84a odst. 2 písm. a) ZHH;27.09.2023;
Internetová stránka;bankonbet.com;;;;§ 84a odst. 2 písm. a) ZHH;27.09.2023;
Internetová stránka;bankonbet1.com;;;;§ 84a odst. 2 písm. a) ZHH;27.09.2023;
Internetová stránka;bankonbet5.com;;;;§ 84a odst. 2 písm. a) ZHH;27.09.2023;
Internetová stránka;bankonbet6.com;;;;§ 84a odst. 2 písm. a) ZHH;27.09.2023;
Internetová stránka;bankonbet100.com;;;;§ 84a odst. 2 písm. a) ZHH;27.09.2023;
Internetová stránka;alfcasino17.com;;;;§ 84a odst. 2 písm. a) ZHH;27.09.2023;
Internetová stránka;alfcasino100.com;;;;§ 84a odst. 2 písm. a) ZHH;27.09.2023;
Internetová stránka;alfcasino102.com;;;;§ 84a odst. 2 písm. a) ZHH;27.09.2023;
Internetová stránka;quickwin.com;;;;§ 84a odst. 2 písm. a) ZHH;27.09.2023;
Internetová stránka;quickwin1.com;;;;§ 84a odst. 2 písm. a) ZHH;27.09.2023;
Internetová stránka;quickwin3.com;;;;§ 84a odst. 2 písm. a) ZHH;27.09.2023;
Internetová stránka;quickwin100.com;;;;§ 84a odst. 2 písm. a) ZHH;27.09.2023;
Internetová stránka;nomini641.com;;;;§ 84a odst. 2 písm. a) ZHH;11.10.2023;
Internetová stránka;nomini500.com;;;;§ 84a odst. 2 písm. a) ZHH;11.10.2023;
Internetová stránka;needforspin.com;;;;§ 84a odst. 2 písm. a) ZHH;11.10.2023;
Internetová stránka;needforspin1.net;;;;§ 84a odst. 2 písm. a) ZHH;11.10.2023;
Internetová stránka;needforspin2.net;;;;§ 84a odst. 2 písm. a) ZHH;11.10.2023;
Internetová stránka;needforspin3.net;;;;§ 84a odst. 2 písm. a) ZHH;11.10.2023;
Internetová stránka;needforspin4.net;;;;§ 84a odst. 2 písm. a) ZHH;11.10.2023;
Internetová stránka;needforspin5.net;;;;§ 84a odst. 2 písm. a) ZHH;11.10.2023;
Internetová stránka;needforspin6.net;;;;§ 84a odst. 2 písm. a) ZHH;11.10.2023;
Internetová stránka;needforspin7.net;;;;§ 84a odst. 2 písm. a) ZHH;11.10.2023;
Internetová stránka;needforspin777.com;;;;§ 84a odst. 2 písm. a) ZHH;11.10.2023;
Internetová stránka;needforspin888.com;;;;§ 84a odst. 2 písm. a) ZHH;11.10.2023;
Internetová stránka;needforspin02.com;;;;§ 84a odst. 2 písm. a) ZHH;11.10.2023;
Internetová stránka;needforspin03.com;;;;§ 84a odst. 2 písm. a) ZHH;11.10.2023;
Internetová stránka;needforspin05.com;;;;§ 84a odst. 2 písm. a) ZHH;11.10.2023;
Internetová stránka;needforspin07.com;;;;§ 84a odst. 2 písm. a) ZHH;11.10.2023;
Internetová stránka;needforspin09.com;;;;§ 84a odst. 2 písm. a) ZHH;11.10.2023;
Internetová stránka;betonred.com;;;;§ 84a odst. 2 písm. a) ZHH;11.10.2023;
Internetová stránka;spin-better.com;;;;§ 84a odst. 2 písm. a) ZHH;01.11.2023;
Internetová stránka;spinsbetter.agency;;;;§ 84a odst. 2 písm. a) ZHH;01.11.2023;
Internetová stránka;spinsbetter.solutions;;;;§ 84a odst. 2 písm. a) ZHH;01.11.2023;
Internetová stránka;spinbetter.com;;;;§ 84a odst. 2 písm. a) ZHH;01.11.2023;
Internetová stránka;silverplay.com;;;;§ 84a odst. 2 písm. a) ZHH;01.11.2023;
Internetová stránka;silverplay1.com;;;;§ 84a odst. 2 písm. a) ZHH;01.11.2023;
Internetová stránka;silverplay2.com;;;;§ 84a odst. 2 písm. a) ZHH;01.11.2023;
Internetová stránka;bonusstrike1.com;;;;§ 84a odst. 2 písm. a) ZHH;01.11.2023;
Internetová stránka;3bonusstrike.com;;;;§ 84a odst. 2 písm. a) ZHH;01.11.2023;
Internetová stránka;bonusstrike.net;;;;§ 84a odst. 2 písm. a) ZHH;01.11.2023;
Internetová stránka;bonusstrike.club;;;;§ 84a odst. 2 písm. a) ZHH;01.11.2023;
Internetová stránka;weltbet.com;;;;§ 84a odst. 2 písm. a) ZHH;08.11.2023;
Internetová stránka;weltbet11.com;;;;§ 84a odst. 2 písm. a) ZHH;08.11.2023;
Internetová stránka;weltbet22.com;;;;§ 84a odst. 2 písm. a) ZHH;08.11.2023;
Internetová stránka;weltbet33.com;;;;§ 84a odst. 2 písm. a) ZHH;08.11.2023;
Internetová stránka;weltbet44.com;;;;§ 84a odst. 2 písm. a) ZHH;08.11.2023;
Internetová stránka;weltbet55.com;;;;§ 84a odst. 2 písm. a) ZHH;08.11.2023;
Internetová stránka;weltbet66.com;;;;§ 84a odst. 2 písm. a) ZHH;08.11.2023;
Internetová stránka;cryptoleo.com;;;;§ 84a odst. 2 písm. a) ZHH;15.11.2023;
Internetová stránka;cryptoleo7.com;;;;§ 84a odst. 2 písm. a) ZHH;15.11.2023;
Internetová stránka;weiss.bet;;;;§ 84a odst. 2 písm. a) ZHH;13.12.2023;
Internetová stránka;weiss1.bet;;;;§ 84a odst. 2 písm. a) ZHH;13.12.2023;
Internetová stránka;weiss2.bet;;;;§ 84a odst. 2 písm. a) ZHH;13.12.2023;
Internetová stránka;weiss4.bet;;;;§ 84a odst. 2 písm. a) ZHH;13.12.2023;
Internetová stránka;polestarcasino1.com;;;;§ 84a odst. 2 písm. a) ZHH;20.12.2023;
Internetová stránka;polestarcasino.com;;;;§ 84a odst. 2 písm. a) ZHH;20.12.2023;
Internetová stránka;polestarcasino5.com;;;;§ 84a odst. 2 písm. a) ZHH;20.12.2023;
Internetová stránka;polestarcasino6.com;;;;§ 84a odst. 2 písm. a) ZHH;20.12.2023;
Internetová stránka;polestarcasino100.com;;;;§ 84a odst. 2 písm. a) ZHH;20.12.2023;
Internetová stránka;vinylcasino.com;;;;§ 84a odst. 2 písm. a) ZHH;20.12.2023;
Internetová stránka;vinylcasino2.com;;;;§ 84a odst. 2 písm. a) ZHH;20.12.2023;
Internetová stránka;vinylcasino3.com;;;;§ 84a odst. 2 písm. a) ZHH;20.12.2023;
Internetová stránka;vinylcasino5.com;;;;§ 84a odst. 2 písm. a) ZHH;20.12.2023;
Internetová stránka;vinylcasino6.com;;;;§ 84a odst. 2 písm. a) ZHH;20.12.2023;
Internetová stránka;vinylcasino100.com;;;;§ 84a odst. 2 písm. a) ZHH;20.12.2023;
Internetová stránka;amunra-6719.com;;;;§ 84a odst. 2 písm. a) ZHH;28.12.2023;
Internetová stránka;20bet-bet.com;;;;§ 84a odst. 2 písm. a) ZHH;28.12.2023;
Internetová stránka;20bet1.net;;;;§ 84a odst. 2 písm. a) ZHH;28.12.2023;
Internetová stránka;ivibet1.com;;;;§ 84a odst. 2 písm. a) ZHH;28.12.2023;
Internetová stránka;ivibet2.com;;;;§ 84a odst. 2 písm. a) ZHH;28.12.2023;
Internetová stránka;ivibet3.com;;;;§ 84a odst. 2 písm. a) ZHH;28.12.2023;
Internetová stránka;ivibet4.com;;;;§ 84a odst. 2 písm. a) ZHH;28.12.2023;
Internetová stránka;12neon54.com;;;;§ 84a odst. 2 písm. a) ZHH;28.12.2023;
Internetová stránka;myempire.com;;;;§ 84a odst. 2 písm. a) ZHH;28.12.2023;
Internetová stránka;myempire1.com;;;;§ 84a odst. 2 písm. a) ZHH;28.12.2023;
Internetová stránka;myempire2.com;;;;§ 84a odst. 2 písm. a) ZHH;28.12.2023;
Internetová stránka;myempire3.com;;;;§ 84a odst. 2 písm. a) ZHH;28.12.2023;
Internetová stránka;myempire100.com;;;;§ 84a odst. 2 písm. a) ZHH;28.12.2023;
Internetová stránka;luckyheroes.com;;;;§ 84a odst. 2 písm. a) ZHH;28.12.2023;
Internetová stránka;luckyheroes1.com;;;;§ 84a odst. 2 písm. a) ZHH;28.12.2023;
Internetová stránka;luckyheroes3.com;;;;§ 84a odst. 2 písm. a) ZHH;28.12.2023;
Internetová stránka;luckyheroes100.com;;;;§ 84a odst. 2 písm. a) ZHH;28.12.2023;
Internetová stránka;sgcasino.com;;;;§ 84a odst. 2 písm. a) ZHH;28.12.2023;
Internetová stránka;sgcasino1.com;;;;§ 84a odst. 2 písm. a) ZHH;28.12.2023;
Internetová stránka;sgcasino3.com;;;;§ 84a odst. 2 písm. a) ZHH;28.12.2023;
Internetová stránka;sgcasino100.com;;;;§ 84a odst. 2 písm. a) ZHH;28.12.2023;
Internetová stránka;22bet-top.com;;;;§ 84a odst. 2 písm. a) ZHH;28.12.2023;
Internetová stránka;22betz.com;;;;§ 84a odst. 2 písm. a) ZHH;28.12.2023;
Internetová stránka;1zenbetting.com;;;;§ 84a odst. 2 písm. a) ZHH;28.12.2023;
Internetová stránka;10zenbetting.com;;;;§ 84a odst. 2 písm. a) ZHH;28.12.2023;
Internetová stránka;100zenbetting.com;;;;§ 84a odst. 2 písm. a) ZHH;28.12.2023;
Internetová stránka;x30nvj19gsg5qoemb.com;;;;§ 84a odst. 2 písm. a) ZHH;28.12.2023;
Internetová stránka;mostbet-288.com;;;;§ 84a odst. 2 písm. a) ZHH;28.12.2023;
Internetová stránka;mostbet-339.com;;;;§ 84a odst. 2 písm. a) ZHH;28.12.2023;
Internetová stránka;slotspalace8.com;;;;§ 84a odst. 2 písm. a) ZHH;28.12.2023;
Internetová stránka;slotspalace9.com;;;;§ 84a odst. 2 písm. a) ZHH;28.12.2023;
Internetová stránka;slotspalace11.com;;;;§ 84a odst. 2 písm. a) ZHH;28.12.2023;
Internetová stránka;slotspalace101.com;;;;§ 84a odst. 2 písm. a) ZHH;28.12.2023;
Internetová stránka;bizzoocasino.com;;;;§ 84a odst. 2 písm. a) ZHH;28.12.2023;
Internetová stránka;bizzoocasino1.com;;;;§ 84a odst. 2 písm. a) ZHH;28.12.2023;
Internetová stránka;bizzoocasino2.com;;;;§ 84a odst. 2 písm. a) ZHH;28.12.2023;
Internetová stránka;bizzoocasino3.com;;;;§ 84a odst. 2 písm. a) ZHH;28.12.2023;
Internetová stránka;bizzoocasino4.com;;;;§ 84a odst. 2 písm. a) ZHH;28.12.2023;
Internetová stránka;ninecasino5.com;;;;§ 84a odst. 2 písm. a) ZHH;28.12.2023;
Internetová stránka;ninecasino6.com;;;;§ 84a odst. 2 písm. a) ZHH;28.12.2023;
Internetová stránka;ninecasino7.com;;;;§ 84a odst. 2 písm. a) ZHH;28.12.2023;
Internetová stránka;nine777casino.com;;;;§ 84a odst. 2 písm. a) ZHH;28.12.2023;
Internetová stránka;betriot5.com;;;;§ 84a odst. 2 písm. a) ZHH;28.12.2023;
Internetová stránka;betriot.com;;;;§ 84a odst. 2 písm. a) ZHH;28.12.2023;
Internetová stránka;betriot1.com;;;;§ 84a odst. 2 písm. a) ZHH;28.12.2023;
Internetová stránka;betriot100.com;;;;§ 84a odst. 2 písm. a) ZHH;28.12.2023;
Internetová stránka;hell-spin.io;;;;§ 84a odst. 2 písm. a) ZHH;20.03.2024;
Internetová stránka;mrpacho1.com;;;;§ 84a odst. 2 písm. a) ZHH;20.03.2024;
Internetová stránka;mrpacho.com;;;;§ 84a odst. 2 písm. a) ZHH;20.03.2024;
Internetová stránka;mrpacho3.com;;;;§ 84a odst. 2 písm. a) ZHH;20.03.2024;
Internetová stránka;mrpacho100.com;;;;§ 84a odst. 2 písm. a) ZHH;20.03.2024;
Internetová stránka;5gringos7.com;;;;§ 84a odst. 2 písm. a) ZHH;20.03.2024;
Internetová stránka;5gringos6.com;;;;§ 84a odst. 2 písm. a) ZHH;20.03.2024;
Internetová stránka;5gringos102.com;;;;§ 84a odst. 2 písm. a) ZHH;20.03.2024;
Internetová stránka;7signs14.com;;;;§ 84a odst. 2 písm. a) ZHH;20.03.2024;
Internetová stránka;7signs15.com;;;;§ 84a odst. 2 písm. a) ZHH;20.03.2024;
Internetová stránka;rab0na-9980.com;;;;§ 84a odst. 2 písm. a) ZHH;20.03.2024;
Internetová stránka;rab0na-1046.com;;;;§ 84a odst. 2 písm. a) ZHH;20.03.2024;
Internetová stránka;rab0na-1264.com;;;;§ 84a odst. 2 písm. a) ZHH;20.03.2024;
Internetová stránka;rab0na-1710.com;;;;§ 84a odst. 2 písm. a) ZHH;20.03.2024;
Internetová stránka;rab0na-1832.com;;;;§ 84a odst. 2 písm. a) ZHH;20.03.2024;
Internetová stránka;rab0na-2202.com;;;;§ 84a odst. 2 písm. a) ZHH;20.03.2024;
Internetová stránka;rab0na-2235.com;;;;§ 84a odst. 2 písm. a) ZHH;20.03.2024;
Internetová stránka;rab0na-2349.com;;;;§ 84a odst. 2 písm. a) ZHH;20.03.2024;
Internetová stránka;rab0na-2951.com;;;;§ 84a odst. 2 písm. a) ZHH;20.03.2024;
Internetová stránka;rab0na-3182.com;;;;§ 84a odst. 2 písm. a) ZHH;20.03.2024;
Internetová stránka;rab0na-3392.com;;;;§ 84a odst. 2 písm. a) ZHH;20.03.2024;
Internetová stránka;rab0na-3617.com;;;;§ 84a odst. 2 písm. a) ZHH;20.03.2024;
Internetová stránka;rab0na-3628.com;;;;§ 84a odst. 2 písm. a) ZHH;20.03.2024;
Internetová stránka;rab0na-3754.com;;;;§ 84a odst. 2 písm. a) ZHH;20.03.2024;
Internetová stránka;rab0na-4967.com;;;;§ 84a odst. 2 písm. a) ZHH;20.03.2024;
Internetová stránka;rab0na-5384.com;;;;§ 84a odst. 2 písm. a) ZHH;20.03.2024;
Internetová stránka;rab0na-5712.com;;;;§ 84a odst. 2 písm. a) ZHH;20.03.2024;
Internetová stránka;rab0na-5975.com;;;;§ 84a odst. 2 písm. a) ZHH;20.03.2024;
Internetová stránka;rab0na-6183.com;;;;§ 84a odst. 2 písm. a) ZHH;20.03.2024;
Internetová stránka;rab0na-6830.com;;;;§ 84a odst. 2 písm. a) ZHH;20.03.2024;
Internetová stránka;rab0na-7154.com;;;;§ 84a odst. 2 písm. a) ZHH;20.03.2024;
Internetová stránka;rab0na-7183.com;;;;§ 84a odst. 2 písm. a) ZHH;20.03.2024;
Internetová stránka;rab0na-7184.com;;;;§ 84a odst. 2 písm. a) ZHH;20.03.2024;
Internetová stránka;rab0na-7351.com;;;;§ 84a odst. 2 písm. a) ZHH;20.03.2024;
Internetová stránka;rab0na-7962.com;;;;§ 84a odst. 2 písm. a) ZHH;20.03.2024;
Internetová stránka;rab0na-8322.com;;;;§ 84a odst. 2 písm. a) ZHH;20.03.2024;
Internetová stránka;rab0na-8562.com;;;;§ 84a odst. 2 písm. a) ZHH;20.03.2024;
Internetová stránka;rab0na-8934.com;;;;§ 84a odst. 2 písm. a) ZHH;20.03.2024;
Internetová stránka;rab0na-9174.com;;;;§ 84a odst. 2 písm. a) ZHH;20.03.2024;
Internetová stránka;rab0na-9438.com;;;;§ 84a odst. 2 písm. a) ZHH;20.03.2024;
Internetová stránka;rab0na-9534.com;;;;§ 84a odst. 2 písm. a) ZHH;20.03.2024;
Internetová stránka;rab0na-9581.com;;;;§ 84a odst. 2 písm. a) ZHH;20.03.2024;
Internetová stránka;rab0na-9712.com;;;;§ 84a odst. 2 písm. a) ZHH;20.03.2024;
Internetová stránka;rab0na-9820.com;;;;§ 84a odst. 2 písm. a) ZHH;20.03.2024;
Internetová stránka;rab0na-9861.com;;;;§ 84a odst. 2 písm. a) ZHH;20.03.2024;
Internetová stránka;rab0na-9870.com;;;;§ 84a odst. 2 písm. a) ZHH;20.03.2024;
Internetová stránka;rab0na-2409.com;;;;§ 84a odst. 2 písm. a) ZHH;20.03.2024;
Internetová stránka;sportaza15.com;;;;§ 84a odst. 2 písm. a) ZHH;20.03.2024;
Internetová stránka;hravelka.com;;;;§ 84a odst. 2 písm. b) ZHH;25.03.2024;
Internetová stránka;natiocasino.com;;;;§ 84a odst. 2 písm. a) ZHH;25.03.2024;
Internetová stránka;natiocasino1.com;;;;§ 84a odst. 2 písm. a) ZHH;25.03.2024;
Internetová stránka;natiocasino2.com ;;;;§ 84a odst. 2 písm. a) ZHH;25.03.2024;
Internetová stránka;natiocasino3.com;;;;§ 84a odst. 2 písm. a) ZHH;25.03.2024;
Internetová stránka;natiocasino4.com;;;;§ 84a odst. 2 písm. a) ZHH;25.03.2024;
Internetová stránka;natiocasino5.com;;;;§ 84a odst. 2 písm. a) ZHH;25.03.2024;
Internetová stránka;natiocasino6.com;;;;§ 84a odst. 2 písm. a) ZHH;25.03.2024;
Internetová stránka;natiocasino7.com;;;;§ 84a odst. 2 písm. a) ZHH;25.03.2024;
Internetová stránka;natiocasino8.com ;;;;§ 84a odst. 2 písm. a) ZHH;25.03.2024;
Internetová stránka;natiocasino9.com;;;;§ 84a odst. 2 písm. a) ZHH;25.03.2024;
Internetová stránka;wazamba-8753.com;;;;§ 84a odst. 2 písm. a) ZHH;25.03.2024;
Internetová stránka;betandreas3.com;;;;§ 84a odst. 2 písm. a) ZHH;03.04.2024;
Internetová stránka;betandreas.com;;;;§ 84a odst. 2 písm. a) ZHH;03.04.2024;
Internetová stránka;betandreas-cz1.com;;;;§ 84a odst. 2 písm. a) ZHH;03.04.2024;
Internetová stránka;betandreas-cz2.com;;;;§ 84a odst. 2 písm. a) ZHH;03.04.2024;
Internetová stránka;betandreas-cz3.com;;;;§ 84a odst. 2 písm. a) ZHH;03.04.2024;
Internetová stránka;betandreas-cz4.com;;;;§ 84a odst. 2 písm. a) ZHH;03.04.2024;
Internetová stránka;betandreas-cz5.com;;;;§ 84a odst. 2 písm. a) ZHH;03.04.2024;
Internetová stránka;betandreas-cz6.com;;;;§ 84a odst. 2 písm. a) ZHH;03.04.2024;
Internetová stránka;betandreas-cz7.com;;;;§ 84a odst. 2 písm. a) ZHH;03.04.2024;
Internetová stránka;betandreas-cz8.com;;;;§ 84a odst. 2 písm. a) ZHH;03.04.2024;
Internetová stránka;betandreas-cz9.com;;;;§ 84a odst. 2 písm. a) ZHH;03.04.2024;
Internetová stránka;betandreas-cz10.com;;;;§ 84a odst. 2 písm. a) ZHH;03.04.2024;
Internetová stránka;betandreas-cz29.com;;;;§ 84a odst. 2 písm. a) ZHH;03.04.2024;
Internetová stránka;betandreas-cz30.com;;;;§ 84a odst. 2 písm. a) ZHH;03.04.2024;
Internetová stránka;betandreas-cz31.com;;;;§ 84a odst. 2 písm. a) ZHH;03.04.2024;
Internetová stránka;revolutioncasino1.com;;;;§ 84a odst. 2 písm. a) ZHH;03.04.2024;
Internetová stránka;revolutioncasino5.com;;;;§ 84a odst. 2 písm. a) ZHH;03.04.2024;
Internetová stránka;revolutioncasino6.com;;;;§ 84a odst. 2 písm. a) ZHH;03.04.2024;
Internetová stránka;excitewin6.com;;;;§ 84a odst. 2 písm. a) ZHH;03.04.2024;
Internetová stránka;excitewin9.com;;;;§ 84a odst. 2 písm. a) ZHH;03.04.2024;
Internetová stránka;excitewin11.com;;;;§ 84a odst. 2 písm. a) ZHH;03.04.2024;
Internetová stránka;frumzi5.com;;;;§ 84a odst. 2 písm. a) ZHH;03.04.2024;
Internetová stránka;frumzi1.com;;;;§ 84a odst. 2 písm. a) ZHH;03.04.2024;
Internetová stránka;frumzi3.com;;;;§ 84a odst. 2 písm. a) ZHH;03.04.2024;
Internetová stránka;frumzi6.com;;;;§ 84a odst. 2 písm. a) ZHH;03.04.2024;
Internetová stránka;frumzi8.com;;;;§ 84a odst. 2 písm. a) ZHH;03.04.2024;
Internetová stránka;frumzi11.com;;;;§ 84a odst. 2 písm. a) ZHH;03.04.2024;
Internetová stránka;frumzi100.com;;;;§ 84a odst. 2 písm. a) ZHH;03.04.2024;
Internetová stránka;powbet2.com;;;;§ 84a odst. 2 písm. a) ZHH;03.04.2024;
Internetová stránka;powbet3.com;;;;§ 84a odst. 2 písm. a) ZHH;03.04.2024;
Internetová stránka;powbet4.com;;;;§ 84a odst. 2 písm. a) ZHH;03.04.2024;
Internetová stránka;powbet5.com;;;;§ 84a odst. 2 písm. a) ZHH;03.04.2024;
Internetová stránka;powbet6.com;;;;§ 84a odst. 2 písm. a) ZHH;03.04.2024;
Internetová stránka;powbet8.com;;;;§ 84a odst. 2 písm. a) ZHH;03.04.2024;
Internetová stránka;powbet9.com;;;;§ 84a odst. 2 písm. a) ZHH;03.04.2024;
Internetová stránka;powbet10.com;;;;§ 84a odst. 2 písm. a) ZHH;03.04.2024;
Internetová stránka;legendplay.com;;;;§ 84a odst. 2 písm. a) ZHH;03.04.2024;
Internetová stránka;legendplay1.com;;;;§ 84a odst. 2 písm. a) ZHH;03.04.2024;
Internetová stránka;legendplay2.com;;;;§ 84a odst. 2 písm. a) ZHH;03.04.2024;
Internetová stránka;legendplay3.com;;;;§ 84a odst. 2 písm. a) ZHH;03.04.2024;
Internetová stránka;legendplay4.com;;;;§ 84a odst. 2 písm. a) ZHH;03.04.2024;
Internetová stránka;legendplay5.com;;;;§ 84a odst. 2 písm. a) ZHH;03.04.2024;
Internetová stránka;legendplay6.com;;;;§ 84a odst. 2 písm. a) ZHH;03.04.2024;
Internetová stránka;casinoinfinity.com;;;;§ 84a odst. 2 písm. a) ZHH;03.04.2024;
Internetová stránka;casinoinfinity2.com;;;;§ 84a odst. 2 písm. a) ZHH;03.04.2024;
Internetová stránka;casinoinfinity3.com;;;;§ 84a odst. 2 písm. a) ZHH;03.04.2024;
Internetová stránka;alfcasino18.com;;;;§ 84a odst. 2 písm. a) ZHH;03.04.2024;
Internetová stránka;alfcasino19.com;;;;§ 84a odst. 2 písm. a) ZHH;03.04.2024;
Internetová stránka;roobet.com;;;;§ 84a odst. 2 písm. a) ZHH;08.04.2024;
Internetová stránka;spin1better.online;;;;§ 84a odst. 2 písm. a) ZHH;08.04.2024;
Internetová stránka;spin2better.online;;;;§ 84a odst. 2 písm. a) ZHH;08.04.2024;
Internetová stránka;spin1better.club;;;;§ 84a odst. 2 písm. a) ZHH;08.04.2024;
Internetová stránka;1spinbetter.store;;;;§ 84a odst. 2 písm. a) ZHH;08.04.2024;
Internetová stránka;2spinbetter.store;;;;§ 84a odst. 2 písm. a) ZHH;08.04.2024;
Internetová stránka;3spinbetter.store;;;;§ 84a odst. 2 písm. a) ZHH;08.04.2024;
Internetová stránka;nomini19.com;;;;§ 84a odst. 2 písm. a) ZHH;08.04.2024;
Internetová stránka;nomini22.com;;;;§ 84a odst. 2 písm. a) ZHH;08.04.2024;
Internetová stránka;sportuna9.com;;;;§ 84a odst. 2 písm. a) ZHH;15.04.2024;
Internetová stránka;sportuna5.com;;;;§ 84a odst. 2 písm. a) ZHH;15.04.2024;
Internetová stránka;sportuna6.com;;;;§ 84a odst. 2 písm. a) ZHH;15.04.2024;
Internetová stránka;sportuna7.com;;;;§ 84a odst. 2 písm. a) ZHH;15.04.2024;
Internetová stránka;sportuna8.com;;;;§ 84a odst. 2 písm. a) ZHH;15.04.2024;
Internetová stránka;bankonbet4.com;;;;§ 84a odst. 2 písm. a) ZHH;15.04.2024;
Internetová stránka;bankonbet3.com;;;;§ 84a odst. 2 písm. a) ZHH;15.04.2024;
Internetová stránka;betandreas-cz27.com;;;;§ 84a odst. 2 písm. a) ZHH;22.04.2024;
Internetová stránka;betandreas-cz28.com;;;;§ 84a odst. 2 písm. a) ZHH;22.04.2024;
Internetová stránka;greatwin-1562.com;;;;§ 84a odst. 2 písm. a) ZHH;22.04.2024;
Internetová stránka;rollingslots6.com;;;;§ 84a odst. 2 písm. a) ZHH;29.04.2024;
Internetová stránka;rollingslots.com;;;;§ 84a odst. 2 písm. a) ZHH;29.04.2024;
Internetová stránka;rollingslots1.com;;;;§ 84a odst. 2 písm. a) ZHH;29.04.2024;
Internetová stránka;rollingslots2.com;;;;§ 84a odst. 2 písm. a) ZHH;29.04.2024;
Internetová stránka;rollingslots3.com;;;;§ 84a odst. 2 písm. a) ZHH;29.04.2024;
Internetová stránka;rollingslots4.com;;;;§ 84a odst. 2 písm. a) ZHH;29.04.2024;
Internetová stránka;rollingslots5.com;;;;§ 84a odst. 2 písm. a) ZHH;29.04.2024;
Internetová stránka;rollingslots7.com;;;;§ 84a odst. 2 písm. a) ZHH;29.04.2024;
Internetová stránka;rollingslots9.com;;;;§ 84a odst. 2 písm. a) ZHH;29.04.2024;
Internetová stránka;rollingslots10.com;;;;§ 84a odst. 2 písm. a) ZHH;29.04.2024;
Internetová stránka;rollingslots14.com;;;;§ 84a odst. 2 písm. a) ZHH;29.04.2024;
Internetová stránka;rollingslots15.com;;;;§ 84a odst. 2 písm. a) ZHH;29.04.2024;
Internetová stránka;rollingslots16.com;;;;§ 84a odst. 2 písm. a) ZHH;29.04.2024;
Internetová stránka;rollingslots17.com;;;;§ 84a odst. 2 písm. a) ZHH;29.04.2024;
Internetová stránka;rollingslots18.com;;;;§ 84a odst. 2 písm. a) ZHH;29.04.2024;
Internetová stránka;casinia2.com;;;;§ 84a odst. 2 písm. a) ZHH;29.04.2024;
Internetová stránka;casinia.com;;;;§ 84a odst. 2 písm. a) ZHH;29.04.2024;
Internetová stránka;casinia1.com;;;;§ 84a odst. 2 písm. a) ZHH;29.04.2024;
Internetová stránka;casinia3.com;;;;§ 84a odst. 2 písm. a) ZHH;29.04.2024;
Internetová stránka;casinia4.com;;;;§ 84a odst. 2 písm. a) ZHH;29.04.2024;
Internetová stránka;casinia5.com;;;;§ 84a odst. 2 písm. a) ZHH;29.04.2024;
Internetová stránka;casinia6.com;;;;§ 84a odst. 2 písm. a) ZHH;29.04.2024;
Internetová stránka;casinia7.com;;;;§ 84a odst. 2 písm. a) ZHH;29.04.2024;
Internetová stránka;casinia8.com;;;;§ 84a odst. 2 písm. a) ZHH;29.04.2024;
Internetová stránka;casinia9.com;;;;§ 84a odst. 2 písm. a) ZHH;29.04.2024;
Internetová stránka;casinia10.com;;;;§ 84a odst. 2 písm. a) ZHH;29.04.2024;
Internetová stránka;casinia11.com;;;;§ 84a odst. 2 písm. a) ZHH;29.04.2024;
Internetová stránka;casinia12.com;;;;§ 84a odst. 2 písm. a) ZHH;29.04.2024;
Internetová stránka;casinia13.com;;;;§ 84a odst. 2 písm. a) ZHH;29.04.2024;
Internetová stránka;casinia14.com;;;;§ 84a odst. 2 písm. a) ZHH;29.04.2024;
Internetová stránka;casinia15.com;;;;§ 84a odst. 2 písm. a) ZHH;29.04.2024;
Internetová stránka;casinia16.com;;;;§ 84a odst. 2 písm. a) ZHH;29.04.2024;
Internetová stránka;casinia17.com;;;;§ 84a odst. 2 písm. a) ZHH;29.04.2024;
Internetová stránka;casinia18.com;;;;§ 84a odst. 2 písm. a) ZHH;29.04.2024;
Internetová stránka;casinia19.com;;;;§ 84a odst. 2 písm. a) ZHH;29.04.2024;
Internetová stránka;casinia20.com;;;;§ 84a odst. 2 písm. a) ZHH;29.04.2024;
Internetová stránka;casinia21.com;;;;§ 84a odst. 2 písm. a) ZHH;29.04.2024;
Internetová stránka;ivibets.org;;;;§ 84a odst. 2 písm. a) ZHH;29.04.2024;
Internetová stránka;getredbet.com;;;;§ 84a odst. 2 písm. a) ZHH;29.04.2024;
Internetová stránka;lunubet1.com;;;;§ 84a odst. 2 písm. a) ZHH;29.04.2024;
Internetová stránka;lunubet2.com;;;;§ 84a odst. 2 písm. a) ZHH;29.04.2024;
Internetová stránka;lunubet3.com;;;;§ 84a odst. 2 písm. a) ZHH;29.04.2024;
Internetová stránka;lunubet100.com;;;;§ 84a odst. 2 písm. a) ZHH;29.04.2024;
Internetová stránka;quickwin-2860.com;;;;§ 84a odst. 2 písm. a) ZHH;06.05.2024;
Internetová stránka;quickwin-1724.com;;;;§ 84a odst. 2 písm. a) ZHH;06.05.2024;
Internetová stránka;freshbet.com;;;;§ 84a odst. 2 písm. a) ZHH;06.05.2024;
Internetová stránka;freshbet2.com;;;;§ 84a odst. 2 písm. a) ZHH;06.05.2024;
Internetová stránka;spinanga5.com;;;;§ 84a odst. 2 písm. a) ZHH;06.05.2024;
Internetová stránka;spinanga.com;;;;§ 84a odst. 2 písm. a) ZHH;06.05.2024;
Internetová stránka;spinanga1.com;;;;§ 84a odst. 2 písm. a) ZHH;06.05.2024;
Internetová stránka;spinanga2.com;;;;§ 84a odst. 2 písm. a) ZHH;06.05.2024;
Internetová stránka;spinanga3.com;;;;§ 84a odst. 2 písm. a) ZHH;06.05.2024;
Internetová stránka;spinanga100.com;;;;§ 84a odst. 2 písm. a) ZHH;06.05.2024;
Internetová stránka;ceskecasina.online;;;;§ 84a odst. 2 písm. b) ZHH;15.05.2024;
Internetová stránka;22bet-b.com;;;;§ 84a odst. 2 písm. a) ZHH;15.05.2024;
Internetová stránka;22bet20.com;;;;§ 84a odst. 2 písm. a) ZHH;15.05.2024;
Internetová stránka;22bet21.com;;;;§ 84a odst. 2 písm. a) ZHH;15.05.2024;
Internetová stránka;22bet23.com;;;;§ 84a odst. 2 písm. a) ZHH;15.05.2024;
Internetová stránka;22bet25.com;;;;§ 84a odst. 2 písm. a) ZHH;15.05.2024;
Internetová stránka;22bet26.com;;;;§ 84a odst. 2 písm. a) ZHH;15.05.2024;
Internetová stránka;22bet27.com;;;;§ 84a odst. 2 písm. a) ZHH;15.05.2024;
Internetová stránka;22bet28.com;;;;§ 84a odst. 2 písm. a) ZHH;15.05.2024;
Internetová stránka;22bet29.com;;;;§ 84a odst. 2 písm. a) ZHH;15.05.2024;
Internetová stránka;22bet30.com;;;;§ 84a odst. 2 písm. a) ZHH;15.05.2024;
Internetová stránka;22bet31.com;;;;§ 84a odst. 2 písm. a) ZHH;15.05.2024;
Internetová stránka;22bet32.com;;;;§ 84a odst. 2 písm. a) ZHH;15.05.2024;
Internetová stránka;22bet33.com;;;;§ 84a odst. 2 písm. a) ZHH;15.05.2024;
Internetová stránka;22bet34.com;;;;§ 84a odst. 2 písm. a) ZHH;15.05.2024;
Internetová stránka;22bet35.com;;;;§ 84a odst. 2 písm. a) ZHH;15.05.2024;
Internetová stránka;boomerang-casino-play.com;;;;§ 84a odst. 2 písm. a) ZHH;15.05.2024;
Internetová stránka;extravegas4.com;;;;§ 84a odst. 2 písm. a) ZHH;15.05.2024;
Internetová stránka;extravegas.com;;;;§ 84a odst. 2 písm. a) ZHH;15.05.2024;
Internetová stránka;extravegas20.com;;;;§ 84a odst. 2 písm. a) ZHH;15.05.2024;
Internetová stránka;extravegas100.com;;;;§ 84a odst. 2 písm. a) ZHH;15.05.2024;
Internetová stránka;primebetz.com;;;;§ 84a odst. 2 písm. a) ZHH;27.05.2024;
Internetová stránka;amunra-4148.com;;;;§ 84a odst. 2 písm. a) ZHH;27.05.2024;
Internetová stránka;coinplay16.xyz;;;;§ 84a odst. 2 písm. a) ZHH;27.05.2024;
Internetová stránka;coinplay.com;;;;§ 84a odst. 2 písm. a) ZHH;27.05.2024;
Internetová stránka;coinplay.info;;;;§ 84a odst. 2 písm. a) ZHH;27.05.2024;
Internetová stránka;jackpotfrenzy1.com;;;;§ 84a odst. 2 písm. a) ZHH;03.06.2024;
Internetová stránka;jackpotfrenzy.com;;;;§ 84a odst. 2 písm. a) ZHH;03.06.2024;
Internetová stránka;jackpotfrenzy2.com;;;;§ 84a odst. 2 písm. a) ZHH;03.06.2024;
Internetová stránka;jackpotfrenzy3.com;;;;§ 84a odst. 2 písm. a) ZHH;03.06.2024;
Internetová stránka;jackpotfrenzy100.com;;;;§ 84a odst. 2 písm. a) ZHH;03.06.2024;
Internetová stránka;respin.bet;;;;§ 84a odst. 2 písm. a) ZHH;05.06.2024;
Internetová stránka;sgcasino-2056.com;;;;§ 84a odst. 2 písm. a) ZHH;10.06.2024;
Internetová stránka;sgcasino-0957.com;;;;§ 84a odst. 2 písm. a) ZHH;10.06.2024;
Internetová stránka;sgcasino-9569.com;;;;§ 84a odst. 2 písm. a) ZHH;10.06.2024;
Internetová stránka;sgcasino-2236.com;;;;§ 84a odst. 2 písm. a) ZHH;10.06.2024;
Internetová stránka;sgcasino-2221.com;;;;§ 84a odst. 2 písm. a) ZHH;10.06.2024;
Internetová stránka;sgcasino-1956.com;;;;§ 84a odst. 2 písm. a) ZHH;10.06.2024;
Internetová stránka;sgcasino2.com;;;;§ 84a odst. 2 písm. a) ZHH;10.06.2024;
Internetová stránka;slotspalace-2734.com;;;;§ 84a odst. 2 písm. a) ZHH;10.06.2024;
Internetová stránka;slotspalace-2378.com;;;;§ 84a odst. 2 písm. a) ZHH;10.06.2024;
Internetová stránka;slotspalace-2670.com;;;;§ 84a odst. 2 písm. a) ZHH;10.06.2024;
Internetová stránka;slotspalace-7252.com;;;;§ 84a odst. 2 písm. a) ZHH;10.06.2024;
Internetová stránka;dollycasino5.com;;;;§ 84a odst. 2 písm. a) ZHH;10.06.2024;
Internetová stránka;dollycasino102.com;;;;§ 84a odst. 2 písm. a) ZHH;10.06.2024;
Internetová stránka;dollycasino103.com;;;;§ 84a odst. 2 písm. a) ZHH;10.06.2024;
Internetová stránka;flush.com;;;;§ 84a odst. 2 písm. a) ZHH;10.06.2024;
Internetová stránka;ohmyspins6.com;;;;§ 84a odst. 2 písm. a) ZHH;10.06.2024;
Internetová stránka;ohmyspins8.com;;;;§ 84a odst. 2 písm. a) ZHH;10.06.2024;
Internetová stránka;ohmyspins9.com;;;;§ 84a odst. 2 písm. a) ZHH;10.06.2024;
Internetová stránka;burancasino10.com;;;;§ 84a odst. 2 písm. a) ZHH;17.06.2024;
Internetová stránka;burancasino5.com;;;;§ 84a odst. 2 písm. a) ZHH;17.06.2024;
Internetová stránka;burancasino11.com;;;;§ 84a odst. 2 písm. a) ZHH;17.06.2024;
Internetová stránka;burancasino13.com;;;;§ 84a odst. 2 písm. a) ZHH;17.06.2024;
Internetová stránka;burancasino14.com;;;;§ 84a odst. 2 písm. a) ZHH;17.06.2024;
Internetová stránka;burancasino15.com;;;;§ 84a odst. 2 písm. a) ZHH;17.06.2024;
Internetová stránka;burancasino16.com;;;;§ 84a odst. 2 písm. a) ZHH;17.06.2024;
Internetová stránka;burancasino101.com;;;;§ 84a odst. 2 písm. a) ZHH;17.06.2024;
Internetová stránka;burancasino102.com;;;;§ 84a odst. 2 písm. a) ZHH;17.06.2024;
Internetová stránka;bizzocasino2.com;;;;§ 84a odst. 2 písm. a) ZHH;17.06.2024;
Internetová stránka;kasinocz.com;;;;§ 84a odst. 2 písm. b) ZHH;17.06.2024;
Internetová stránka;needforspin06.com;;;;§ 84a odst. 2 písm. a) ZHH;17.06.2024;
Internetová stránka;needforspin04.com;;;;§ 84a odst. 2 písm. a) ZHH;17.06.2024;
Internetová stránka;needforspin08.com;;;;§ 84a odst. 2 písm. a) ZHH;17.06.2024;
Internetová stránka;needforspin10.com;;;;§ 84a odst. 2 písm. a) ZHH;17.06.2024;
Internetová stránka;1zencasino1.com;;;;§ 84a odst. 2 písm. a) ZHH;17.06.2024;
Internetová stránka;hugocasino3.net;;;;§ 84a odst. 2 písm. a) ZHH;17.06.2024;
Internetová stránka;hugocasino1.net;;;;§ 84a odst. 2 písm. a) ZHH;17.06.2024;
Internetová stránka;soceskekasino.com;;;;§ 84a odst. 2 písm. b) ZHH;24.06.2024;
Internetová stránka;efkimjy26nmb.com;;;;§ 84a odst. 2 písm. a) ZHH;24.06.2024;
Internetová stránka;qsklmm-seo.com;;;;§ 84a odst. 2 písm. a) ZHH;24.06.2024;
Internetová stránka;dc4l1dbe6imst.com;;;;§ 84a odst. 2 písm. a) ZHH;24.06.2024;
Internetová stránka;mostbetvn1.com;;;;§ 84a odst. 2 písm. a) ZHH;24.06.2024;
Internetová stránka;mostbet.com.mx;;;;§ 84a odst. 2 písm. a) ZHH;24.06.2024;
Internetová stránka;mostbet-300.com;;;;§ 84a odst. 2 písm. a) ZHH;24.06.2024;
Internetová stránka;mostbet-345.com;;;;§ 84a odst. 2 písm. a) ZHH;24.06.2024;
Internetová stránka;mostbet-347.com;;;;§ 84a odst. 2 písm. a) ZHH;24.06.2024;
Internetová stránka;mostbet-349.com;;;;§ 84a odst. 2 písm. a) ZHH;24.06.2024;
Internetová stránka;mostbetin1.com;;;;§ 84a odst. 2 písm. a) ZHH;24.06.2024;
Internetová stránka;k1xdqvrgzfmb.com;;;;§ 84a odst. 2 písm. a) ZHH;24.06.2024;
Internetová stránka;1zzu9epciimb.com;;;;§ 84a odst. 2 písm. a) ZHH;24.06.2024;
Internetová stránka;6h6oag2wtzmb.com;;;;§ 84a odst. 2 písm. a) ZHH;24.06.2024;
Internetová stránka;z7zn8i9zujmb.com;;;;§ 84a odst. 2 písm. a) ZHH;24.06.2024;
Internetová stránka;fresh.casino;;;;§ 84a odst. 2 písm. a) ZHH;24.06.2024;
Internetová stránka;fresh1.casino;;;;§ 84a odst. 2 písm. a) ZHH;24.06.2024;
Internetová stránka;fresh2.casino;;;;§ 84a odst. 2 písm. a) ZHH;24.06.2024;
Internetová stránka;fresh3.casino;;;;§ 84a odst. 2 písm. a) ZHH;24.06.2024;
Internetová stránka;fresh4.casino;;;;§ 84a odst. 2 písm. a) ZHH;24.06.2024;
Internetová stránka;fresh5.casino;;;;§ 84a odst. 2 písm. a) ZHH;24.06.2024;
Internetová stránka;fresh6.casino;;;;§ 84a odst. 2 písm. a) ZHH;24.06.2024;
Internetová stránka;fresh7.casino;;;;§ 84a odst. 2 písm. a) ZHH;24.06.2024;
Internetová stránka;fresh8.casino;;;;§ 84a odst. 2 písm. a) ZHH;24.06.2024;
Internetová stránka;fresh9.casino;;;;§ 84a odst. 2 písm. a) ZHH;24.06.2024;
Internetová stránka;fresh10.casino;;;;§ 84a odst. 2 písm. a) ZHH;24.06.2024;
Internetová stránka;freshcasino1396.com;;;;§ 84a odst. 2 písm. a) ZHH;24.06.2024;
Internetová stránka;freshcasino3000.com;;;;§ 84a odst. 2 písm. a) ZHH;24.06.2024;
Internetová stránka;playsafecz.com;;;;§ 84a odst. 2 písm. b) ZHH;01.07.2024;
Internetová stránka;31bet.com;;;;§ 84a odst. 2 písm. a) ZHH;01.07.2024;
Internetová stránka;slothbet.com;;;;§ 84a odst. 2 písm. b) ZHH;08.07.2024;
Internetová stránka;megapari.com.co;;;;§ 84a odst. 2 písm. a) ZHH;08.07.2024;
Internetová stránka;mp305638.top;;;;§ 84a odst. 2 písm. a) ZHH;08.07.2024;
Internetová stránka;mostbet1.cz;;;;§ 84a odst. 2 písm. b) ZHH;08.07.2024;
Internetová stránka;1mostbetcz.com;;;;§ 84a odst. 2 písm. b) ZHH;08.07.2024;
Internetová stránka;mostbet-cz.cz;;;;§ 84a odst. 2 písm. b) ZHH;08.07.2024;
Internetová stránka;mostbet-czech.com;;;;§ 84a odst. 2 písm. b) ZHH;08.07.2024;
Internetová stránka;mostbet-cz-bonus.com;;;;§ 84a odst. 2 písm. b) ZHH;08.07.2024;
Internetová stránka; mostbet-cesko.cz;;;;§ 84a odst. 2 písm. b) ZHH;08.07.2024;
Internetová stránka;mostbet-mostbet.com;;;;§ 84a odst. 2 písm. b) ZHH;08.07.2024;
Internetová stránka;alfcasino-0101.com;;;;§ 84a odst. 2 písm. a) ZHH;17.07.2024;
Internetová stránka;anygamble.com;;;;§ 84a odst. 2 písm. b) ZHH;17.07.2024;
Internetová stránka;spinsbro.com;;;;§ 84a odst. 2 písm. a) ZHH;17.07.2024;
Internetová stránka;spinsbro1.com;;;;§ 84a odst. 2 písm. a) ZHH;17.07.2024;
Internetová stránka;spinsbro2.com;;;;§ 84a odst. 2 písm. a) ZHH;17.07.2024;
Internetová stránka;spinsbro4.com;;;;§ 84a odst. 2 písm. a) ZHH;17.07.2024;
Internetová stránka;spinsbro5.com;;;;§ 84a odst. 2 písm. a) ZHH;17.07.2024;
Internetová stránka;spinsbro6.com;;;;§ 84a odst. 2 písm. a) ZHH;17.07.2024;
Internetová stránka;spinsbro7.com;;;;§ 84a odst. 2 písm. a) ZHH;17.07.2024;
Internetová stránka;czechia-bonusesfinder.com;;;;§ 84a odst. 2 písm. b) ZHH;22.07.2024;
Internetová stránka;kajot-casino-prime.com;;;;§ 84a odst. 2 písm. a) ZHH;22.07.2024;
Internetová stránka;hrajnow.com;;;;§ 84a odst. 2 písm. a) ZHH;22.07.2024;
Internetová stránka;spinrollz3.com;;;;§ 84a odst. 2 písm. a) ZHH;29.07.2024;
Internetová stránka;spinrollz.com;;;;§ 84a odst. 2 písm. a) ZHH;29.07.2024;
Internetová stránka;spinrollz100.com;;;;§ 84a odst. 2 písm. a) ZHH;29.07.2024;
Internetová stránka;playio4.com;;;;§ 84a odst. 2 písm. a) ZHH;29.07.2024;
Internetová stránka;playio.com;;;;§ 84a odst. 2 písm. a) ZHH;29.07.2024;
Internetová stránka;playio2.com;;;;§ 84a odst. 2 písm. a) ZHH;29.07.2024;
Internetová stránka;playio100.com;;;;§ 84a odst. 2 písm. a) ZHH;29.07.2024;
Internetová stránka;p0wbet-0102.com;;;;§ 84a odst. 2 písm. a) ZHH;05.08.2024;
Internetová stránka;mrpacho-1122.com;;;;§ 84a odst. 2 písm. a) ZHH;05.08.2024;
